timestamp,latency_ms,jitter_ms,loss_percent,total_bytes,total_pkts,tcp,udp,icmp,other
2025-12-20 13:33:51,1.29,0.14,0.0,79092,845,730,70,4,41
2025-12-20 13:34:51,1.27,0.12,0.0,79092,845,730,70,4,41
2025-12-20 13:35:51,,,100.0,79092,845,730,70,4,41
2025-12-20 13:36:51,1.51,,66.67,79092,845,730,70,4,41
2025-12-20 13:37:51,1.33,0.26,0.0,79092,845,730,70,4,41
2025-12-20 13:38:51,1.22,0.15,0.0,79092,845,730,70,4,41
2025-12-20 13:39:51,1.17,,66.67,79092,845,730,70,4,41
2025-12-20 13:40:51,1.15,0.02,0.0,79092,845,730,70,4,41
2025-12-20 13:41:51,1.22,0.1,0.0,79092,845,730,70,4,41
2025-12-20 13:42:51,1.23,,66.67,79092,845,730,70,4,41
2025-12-20 13:43:51,1.14,0.03,0.0,79092,845,730,70,4,41
2025-12-20 13:44:51,1.21,,66.67,79092,845,730,70,4,41
2025-12-20 13:45:51,1.25,0.15,0.0,79092,845,730,70,4,41
2025-12-20 13:46:51,1.23,0.16,0.0,79092,845,730,70,4,41
2025-12-20 13:47:51,1.33,0.02,0.0,79092,845,730,70,4,41
2025-12-20 13:48:51,1.35,0.06,0.0,79092,845,730,70,4,41
2025-12-20 13:49:51,1.16,,66.67,79092,845,730,70,4,41
2025-12-20 13:50:51,1.37,0.06,0.0,79092,845,730,70,4,41
2025-12-20 13:51:51,1.32,0.03,0.0,79092,845,730,70,4,41
2025-12-20 13:52:51,1.15,0.02,0.0,79092,845,730,70,4,41
2025-12-20 13:53:51,,,100.0,79092,845,730,70,4,41
2025-12-20 13:54:51,,,100.0,79092,845,730,70,4,41
2025-12-20 13:55:51,1.32,0.28,0.0,79092,845,730,70,4,41
2025-12-20 13:56:51,1.32,0.01,0.0,79092,845,730,70,4,41
2025-12-20 13:57:51,1.34,0.03,0.0,79092,845,730,70,4,41
2025-12-20 13:58:51,1.3,,66.67,79092,845,730,70,4,41
2025-12-20 13:59:52,1.33,0.06,0.0,79092,845,730,70,4,41
2025-12-20 14:00:52,1.34,0.05,0.0,79092,845,730,70,4,41
2025-12-20 14:01:52,1.48,,66.67,79092,845,730,70,4,41
2025-12-20 14:02:52,1.43,0.14,0.0,79092,845,730,70,4,41
2025-12-20 14:03:52,,,100.0,79092,845,730,70,4,41
2025-12-20 14:04:52,1.21,,66.67,79092,845,730,70,4,41
2025-12-20 14:05:52,1.38,0.11,0.0,79092,845,730,70,4,41
2025-12-20 14:06:52,1.31,,66.67,79092,845,730,70,4,41
2025-12-20 14:07:52,1.66,0.89,0.0,79092,845,730,70,4,41
2025-12-20 14:08:52,1.49,0.27,0.0,79092,845,730,70,4,41
2025-12-20 14:09:52,5.95,5.01,0.0,79092,845,730,70,4,41
2025-12-20 14:10:52,10.0,12.92,0.0,79092,845,730,70,4,41
2025-12-20 14:11:52,,,100.0,79092,845,730,70,4,41
2025-12-20 14:12:52,1.43,0.14,0.0,79092,845,730,70,4,41
2025-12-20 14:13:52,1.28,,66.67,79092,845,730,70,4,41
2025-12-20 14:14:52,1.27,,66.67,79092,845,730,70,4,41
2025-12-20 14:15:52,,,100.0,79092,845,730,70,4,41
2025-12-20 14:16:52,,,100.0,79092,845,730,70,4,41
2025-12-20 14:17:52,1.37,0.06,0.0,79092,845,730,70,4,41
2025-12-20 14:18:52,1.29,0.08,0.0,79092,845,730,70,4,41
2025-12-20 14:19:52,1.29,0.03,0.0,79092,845,730,70,4,41
2025-12-20 14:20:52,1.32,0.02,0.0,79092,845,730,70,4,41
2025-12-20 14:21:52,1.38,0.22,0.0,79092,845,730,70,4,41
2025-12-20 14:22:52,1.36,0.03,0.0,79092,845,730,70,4,41
2025-12-20 14:23:52,1.31,0.08,0.0,79092,845,730,70,4,41
2025-12-20 14:24:53,,,100.0,79092,845,730,70,4,41
2025-12-20 14:25:53,1.39,0.1,0.0,79092,845,730,70,4,41
2025-12-20 14:26:53,1.31,0.04,0.0,79092,845,730,70,4,41
2025-12-20 14:27:53,1.23,0.12,0.0,79092,845,730,70,4,41
2025-12-20 14:28:53,1.51,0.41,0.0,79092,845,730,70,4,41
2025-12-20 14:29:53,1.26,0.07,0.0,79092,845,730,70,4,41
2025-12-20 14:30:53,1.44,0.21,0.0,79092,845,730,70,4,41
2025-12-20 14:31:53,1.44,0.16,0.0,79092,845,730,70,4,41
2025-12-20 14:32:53,1.37,0.1,0.0,79092,845,730,70,4,41
2025-12-20 14:33:53,1.55,0.28,0.0,79092,845,730,70,4,41
2025-12-20 14:34:53,,,100.0,79092,845,730,70,4,41
2025-12-20 14:35:53,1.51,,66.67,79092,845,730,70,4,41
2025-12-20 14:36:53,1.54,0.26,0.0,79092,845,730,70,4,41
2025-12-20 14:37:53,1.27,0.13,0.0,79092,845,730,70,4,41
2025-12-20 14:38:53,1.35,0.04,0.0,79092,845,730,70,4,41
2025-12-20 14:39:53,1.21,0.1,0.0,79092,845,730,70,4,41
2025-12-20 14:40:53,1.69,1.43,0.0,79092,845,730,70,4,41
2025-12-20 14:41:53,1.3,0.04,0.0,79092,845,730,70,4,41
2025-12-20 14:42:53,1.44,,66.67,79092,845,730,70,4,41
2025-12-20 14:43:53,1.15,0.03,0.0,79092,845,730,70,4,41
2025-12-20 14:44:53,1.23,0.16,0.0,79092,845,730,70,4,41
2025-12-20 14:45:53,,,100.0,79092,845,730,70,4,41
2025-12-20 14:46:53,1.41,0.25,0.0,79092,845,730,70,4,41
2025-12-20 14:47:53,,,100.0,79092,845,730,70,4,41
2025-12-20 14:48:53,,,100.0,79092,845,730,70,4,41
2025-12-20 14:49:54,1.35,0.01,0.0,79092,845,730,70,4,41
2025-12-20 14:50:54,1.36,0.08,0.0,79092,845,730,70,4,41
2025-12-20 14:51:54,1.63,0.56,0.0,79092,845,730,70,4,41
2025-12-20 14:52:54,1.29,0.14,0.0,79092,845,730,70,4,41
2025-12-20 14:53:54,,,100.0,79092,845,730,70,4,41
2025-12-20 14:54:54,1.37,0.07,0.0,79092,845,730,70,4,41
2025-12-20 14:55:54,1.37,0.07,0.0,79092,845,730,70,4,41
2025-12-20 14:56:54,1.41,0.16,0.0,79092,845,730,70,4,41
2025-12-20 14:57:54,1.43,,66.67,79092,845,730,70,4,41
2025-12-20 14:58:54,1.27,0.08,0.0,79092,845,730,70,4,41
2025-12-20 14:59:54,1.35,0.05,0.0,79092,845,730,70,4,41
2025-12-20 15:00:54,1.28,0.04,0.0,79092,845,730,70,4,41
2025-12-20 15:01:54,1.31,0.03,0.0,79092,845,730,70,4,41
2025-12-20 15:02:54,1.36,0.09,0.0,79092,845,730,70,4,41
2025-12-20 15:03:54,1.3,0.02,0.0,79092,845,730,70,4,41
2025-12-20 15:04:54,1.43,0.06,0.0,79092,845,730,70,4,41
2025-12-20 15:05:54,1.36,0.04,0.0,79092,845,730,70,4,41
2025-12-20 15:06:54,,,100.0,79092,845,730,70,4,41
2025-12-20 15:07:54,1.22,0.14,0.0,79092,845,730,70,4,41
2025-12-20 15:08:54,1.26,0.21,0.0,79092,845,730,70,4,41
2025-12-20 15:09:54,1.3,0.03,0.0,79092,845,730,70,4,41
2025-12-20 15:10:54,1.29,,66.67,79092,845,730,70,4,41
2025-12-20 15:11:54,1.32,0.0,0.0,79092,845,730,70,4,41
2025-12-20 15:12:54,1.4,,66.67,79092,845,730,70,4,41
2025-12-20 15:13:55,1.43,,66.67,79092,845,730,70,4,41
2025-12-20 15:14:55,1.15,0.07,0.0,79092,845,730,70,4,41
2025-12-20 15:15:55,1.2,0.09,0.0,79092,845,730,70,4,41
2025-12-20 15:16:55,1.22,0.12,0.0,79092,845,730,70,4,41
2025-12-20 15:17:55,1.17,,66.67,79092,845,730,70,4,41
2025-12-20 15:18:55,,,100.0,79092,845,730,70,4,41
2025-12-20 15:19:55,1.15,0.03,0.0,79092,845,730,70,4,41
2025-12-20 15:20:55,,,100.0,79092,845,730,70,4,41
2025-12-20 15:21:55,1.3,0.14,0.0,79092,845,730,70,4,41
2025-12-20 15:22:55,1.16,0.02,0.0,79092,845,730,70,4,41
2025-12-20 15:23:55,,,100.0,79092,845,730,70,4,41
2025-12-20 15:24:55,1.23,0.1,0.0,79092,845,730,70,4,41
2025-12-20 15:25:55,1.21,0.13,0.0,79092,845,730,70,4,41
2025-12-20 15:26:55,2.25,,66.67,79092,845,730,70,4,41
2025-12-20 15:27:55,1.26,,66.67,79092,845,730,70,4,41
2025-12-20 15:28:56,1.2,,66.67,79092,845,730,70,4,41
2025-12-20 15:29:56,1.44,,66.67,79092,845,730,70,4,41
2025-12-20 15:30:56,1.2,0.07,0.0,79092,845,730,70,4,41
2025-12-20 15:31:56,,,100.0,79092,845,730,70,4,41
2025-12-20 15:32:56,1.28,0.12,0.0,79092,845,730,70,4,41
2025-12-20 15:33:56,1.22,0.12,0.0,79092,845,730,70,4,41
2025-12-20 15:34:56,1.46,,66.67,79092,845,730,70,4,41
2025-12-20 15:35:56,1.22,0.1,0.0,79092,845,730,70,4,41
2025-12-20 15:36:56,1.26,0.09,0.0,79092,845,730,70,4,41
2025-12-20 15:37:56,1.2,0.05,0.0,79092,845,730,70,4,41
2025-12-20 15:38:56,1.18,0.01,0.0,79092,845,730,70,4,41
2025-12-20 15:39:56,1.28,0.1,0.0,79092,845,730,70,4,41
2025-12-20 15:40:56,1.18,0.02,0.0,79092,845,730,70,4,41
2025-12-20 15:41:56,1.24,0.13,0.0,79092,845,730,70,4,41
2025-12-20 15:42:57,1.16,0.08,0.0,79092,845,730,70,4,41
2025-12-20 15:57:53,1.15,0.04,0.0,79092,845,730,70,4,41
2025-12-20 15:58:53,1.17,0.12,0.0,79092,845,730,70,4,41
2025-12-20 15:59:53,1.27,,66.67,79092,845,730,70,4,41
2025-12-20 16:00:53,1.37,0.02,0.0,79092,845,730,70,4,41
2025-12-20 16:01:53,1.36,0.09,0.0,79092,845,730,70,4,41
2025-12-20 16:02:53,,,100.0,79092,845,730,70,4,41
2025-12-20 16:03:53,1.38,0.06,0.0,79092,845,730,70,4,41
2025-12-20 16:04:54,,,100.0,79092,845,730,70,4,41
2025-12-20 16:05:54,1.42,0.06,0.0,79092,845,730,70,4,41
2025-12-20 16:06:54,,,100.0,79092,845,730,70,4,41
2025-12-20 16:07:54,,,100.0,79092,845,730,70,4,41
2025-12-20 16:08:54,1.4,0.13,0.0,79092,845,730,70,4,41
2025-12-20 16:09:54,,,100.0,79092,845,730,70,4,41
2025-12-20 16:10:54,1.34,,66.67,79092,845,730,70,4,41
2025-12-20 16:11:54,1.46,0.12,0.0,79092,845,730,70,4,41
2025-12-20 16:12:54,1.3,0.04,0.0,79092,845,730,70,4,41
2025-12-20 16:13:54,1.32,0.05,0.0,79092,845,730,70,4,41
2025-12-20 16:14:54,1.29,0.05,0.0,79092,845,730,70,4,41
2025-12-20 16:15:54,1.22,0.18,0.0,79092,845,730,70,4,41
2025-12-20 16:16:54,,,100.0,79092,845,730,70,4,41
2025-12-20 16:17:54,1.32,0.02,0.0,79092,845,730,70,4,41
2025-12-20 16:18:54,1.43,0.08,0.0,79092,845,730,70,4,41
2025-12-20 16:19:54,1.73,0.67,0.0,79092,845,730,70,4,41
2025-12-20 16:20:54,1.37,,66.67,79092,845,730,70,4,41
2025-12-20 16:21:54,1.34,0.05,0.0,79092,845,730,70,4,41
2025-12-20 16:22:54,1.2,0.02,0.0,79092,845,730,70,4,41
2025-12-20 16:23:54,1.33,0.27,0.0,79092,845,730,70,4,41
2025-12-20 16:24:54,1.19,,66.67,79092,845,730,70,4,41
2025-12-20 16:25:54,1.21,0.05,0.0,79092,845,730,70,4,41
2025-12-20 16:26:54,1.38,0.1,0.0,79092,845,730,70,4,41
2025-12-20 16:27:55,1.33,0.05,0.0,79092,845,730,70,4,41
2025-12-20 16:28:55,1.35,0.02,0.0,79092,845,730,70,4,41
2025-12-20 16:29:55,1.43,0.1,0.0,79092,845,730,70,4,41
2025-12-20 16:30:55,,,100.0,79092,845,730,70,4,41
2025-12-20 16:31:55,1.37,,66.67,79092,845,730,70,4,41
2025-12-20 16:32:55,1.51,0.31,0.0,79092,845,730,70,4,41
2025-12-20 16:33:55,1.23,0.26,0.0,79092,845,730,70,4,41
2025-12-20 16:34:55,1.28,,66.67,79092,845,730,70,4,41
2025-12-20 16:35:55,1.32,0.08,0.0,79092,845,730,70,4,41
2025-12-20 16:36:55,1.84,0.79,0.0,79092,845,730,70,4,41
2025-12-20 16:37:55,1.15,0.04,0.0,79092,845,730,70,4,41
2025-12-20 16:38:55,1.23,0.11,0.0,79092,845,730,70,4,41
2025-12-20 16:39:55,1.61,0.62,0.0,79092,845,730,70,4,41
2025-12-20 16:40:55,1.35,0.09,0.0,79092,845,730,70,4,41
2025-12-20 16:41:55,,,100.0,79092,845,730,70,4,41
2025-12-20 16:42:56,1.38,0.1,0.0,79092,845,730,70,4,41
2025-12-20 16:43:56,,,100.0,79092,845,730,70,4,41
2025-12-20 16:44:56,1.39,0.13,0.0,79092,845,730,70,4,41
2025-12-20 16:45:56,1.38,0.1,0.0,79092,845,730,70,4,41
2025-12-20 16:46:56,1.35,0.06,0.0,79092,845,730,70,4,41
2025-12-20 16:47:56,1.35,0.33,0.0,79092,845,730,70,4,41
2025-12-20 16:48:56,1.45,0.16,0.0,79092,845,730,70,4,41
2025-12-20 16:49:56,1.25,0.13,0.0,79092,845,730,70,4,41
2025-12-20 16:50:56,,,100.0,79092,845,730,70,4,41
2025-12-20 16:51:56,,,100.0,79092,845,730,70,4,41
2025-12-20 16:52:56,,,100.0,79092,845,730,70,4,41
2025-12-20 16:53:56,1.24,,66.67,79092,845,730,70,4,41
2025-12-20 16:54:56,,,100.0,79092,845,730,70,4,41
2025-12-20 16:55:56,1.35,,66.67,79092,845,730,70,4,41
2025-12-20 16:56:56,1.25,0.1,0.0,79092,845,730,70,4,41
2025-12-20 16:57:57,1.23,0.04,0.0,79092,845,730,70,4,41
2025-12-20 16:58:57,1.17,0.02,0.0,79092,845,730,70,4,41
2025-12-20 16:59:57,1.29,0.02,0.0,79092,845,730,70,4,41
2025-12-20 17:00:57,1.41,0.18,0.0,79092,845,730,70,4,41
2025-12-20 17:01:57,1.31,0.09,0.0,79092,845,730,70,4,41
2025-12-20 17:02:57,1.26,,66.67,79092,845,730,70,4,41
2025-12-20 17:03:57,1.36,,66.67,79092,845,730,70,4,41
2025-12-20 17:04:57,1.4,0.2,0.0,79092,845,730,70,4,41
2025-12-20 17:05:57,,,100.0,79092,845,730,70,4,41
2025-12-20 17:06:57,1.33,0.02,0.0,79092,845,730,70,4,41
2025-12-20 17:07:57,1.43,0.24,0.0,79092,845,730,70,4,41
2025-12-20 17:08:57,1.21,0.04,0.0,79092,845,730,70,4,41
2025-12-20 17:09:57,1.41,0.1,0.0,79092,845,730,70,4,41
2025-12-20 17:10:57,,,100.0,79092,845,730,70,4,41
2025-12-20 17:11:57,,,100.0,79092,845,730,70,4,41
2025-12-20 17:12:58,1.47,0.12,0.0,79092,845,730,70,4,41
2025-12-20 17:13:58,1.42,0.06,0.0,79092,845,730,70,4,41
2025-12-20 17:14:58,1.32,0.01,0.0,79092,845,730,70,4,41
2025-12-20 17:15:58,,,100.0,79092,845,730,70,4,41
2025-12-20 17:16:58,1.37,,66.67,79092,845,730,70,4,41
2025-12-20 17:17:58,1.52,,66.67,79092,845,730,70,4,41
2025-12-20 17:18:58,1.21,0.17,0.0,79092,845,730,70,4,41
2025-12-20 17:19:58,1.37,0.11,0.0,79092,845,730,70,4,41
2025-12-20 17:20:58,1.47,,66.67,79092,845,730,70,4,41
2025-12-20 17:21:58,1.21,0.07,0.0,79092,845,730,70,4,41
2025-12-20 17:22:58,1.24,0.05,0.0,79092,845,730,70,4,41
2025-12-20 17:23:58,1.34,,66.67,79092,845,730,70,4,41
2025-12-20 17:24:58,1.36,,66.67,79092,845,730,70,4,41
2025-12-20 17:25:59,1.27,0.11,0.0,79092,845,730,70,4,41
2025-12-20 17:26:59,,,100.0,79092,845,730,70,4,41
2025-12-20 17:27:59,1.31,0.04,0.0,79092,845,730,70,4,41
2025-12-20 17:28:59,1.38,0.11,0.0,79092,845,730,70,4,41
2025-12-20 17:29:59,1.33,0.1,0.0,79092,845,730,70,4,41
2025-12-20 17:30:59,1.16,0.05,0.0,79092,845,730,70,4,41
2025-12-20 17:31:59,1.32,0.19,0.0,79092,845,730,70,4,41
2025-12-20 17:32:59,1.38,0.15,0.0,79092,845,730,70,4,41
2025-12-20 17:33:59,1.36,,66.67,79092,845,730,70,4,41
2025-12-20 17:34:59,,,100.0,79092,845,730,70,4,41
2025-12-20 17:35:59,1.35,0.13,0.0,79092,845,730,70,4,41
2025-12-20 17:36:59,1.17,0.06,0.0,79092,845,730,70,4,41
2025-12-20 17:37:59,1.38,,66.67,79092,845,730,70,4,41
2025-12-20 17:38:59,1.29,0.07,0.0,79092,845,730,70,4,41
2025-12-20 17:39:59,1.34,0.11,0.0,79092,845,730,70,4,41
2025-12-20 17:41:00,1.25,0.29,0.0,79092,845,730,70,4,41
2025-12-20 17:42:00,1.22,,66.67,79092,845,730,70,4,41
2025-12-20 17:43:00,1.4,0.09,0.0,79092,845,730,70,4,41
2025-12-20 17:44:00,1.3,0.02,0.0,79092,845,730,70,4,41
2025-12-20 17:45:00,1.3,0.02,0.0,79092,845,730,70,4,41
2025-12-20 17:46:00,1.57,0.95,0.0,79092,845,730,70,4,41
2025-12-20 17:47:00,,,100.0,79092,845,730,70,4,41
2025-12-20 17:48:00,1.25,0.11,0.0,79092,845,730,70,4,41
2025-12-20 17:49:00,1.38,0.09,0.0,79092,845,730,70,4,41
2025-12-20 17:50:00,1.13,,66.67,79092,845,730,70,4,41
2025-12-20 17:51:00,1.24,0.07,0.0,79092,845,730,70,4,41
2025-12-20 17:52:00,1.41,0.05,0.0,79092,845,730,70,4,41
2025-12-20 20:52:04,1.36,0.3,0.0,79092,845,730,70,4,41
2025-12-20 20:53:04,1.37,0.18,0.0,79092,845,730,70,4,41
2025-12-20 20:54:04,1.21,0.07,0.0,79092,845,730,70,4,41
2025-12-20 20:55:05,1.25,0.09,0.0,79092,845,730,70,4,41
2025-12-20 20:56:05,1.37,0.11,0.0,79092,845,730,70,4,41
2025-12-20 20:57:05,1.19,0.08,0.0,79092,845,730,70,4,41
2025-12-20 20:58:05,1.34,0.05,0.0,79092,845,730,70,4,41
2025-12-20 20:59:05,1.16,0.06,0.0,79092,845,730,70,4,41
2025-12-20 21:00:05,1.29,0.07,0.0,79092,845,730,70,4,41
2025-12-20 21:01:05,1.31,0.07,0.0,79092,845,730,70,4,41
2025-12-20 21:02:05,1.23,0.08,0.0,79092,845,730,70,4,41
2025-12-20 21:03:05,1.37,0.11,0.0,79092,845,730,70,4,41
2025-12-20 21:04:05,1.3,0.02,0.0,79092,845,730,70,4,41
2025-12-20 21:05:05,1.17,0.06,0.0,79092,845,730,70,4,41
2025-12-20 21:06:05,1.4,0.22,0.0,79092,845,730,70,4,41
2025-12-20 21:07:05,1.28,0.05,0.0,79092,845,730,70,4,41
2025-12-20 21:08:05,1.26,0.11,0.0,79092,845,730,70,4,41
2025-12-20 21:09:05,1.19,0.02,0.0,79092,845,730,70,4,41
2025-12-20 21:10:05,1.25,0.13,0.0,79092,845,730,70,4,41
2025-12-20 21:11:05,1.23,0.11,0.0,79092,845,730,70,4,41
2025-12-20 21:12:05,1.2,0.01,0.0,79092,845,730,70,4,41
2025-12-20 21:13:06,1.22,0.15,0.0,79092,845,730,70,4,41
2025-12-20 21:14:06,1.34,0.07,0.0,79092,845,730,70,4,41
2025-12-20 21:15:06,1.36,0.05,0.0,79092,845,730,70,4,41
2025-12-20 21:16:06,1.29,0.19,0.0,79092,845,730,70,4,41
2025-12-20 21:17:06,1.36,0.01,0.0,79092,845,730,70,4,41
2025-12-20 21:18:06,1.38,0.21,0.0,79092,845,730,70,4,41
2025-12-20 21:19:06,1.33,0.04,0.0,79092,845,730,70,4,41
2025-12-20 21:20:06,1.37,0.06,0.0,79092,845,730,70,4,41
2025-12-20 21:21:06,1.27,0.1,0.0,79092,845,730,70,4,41
2025-12-20 21:22:06,1.38,0.06,0.0,79092,845,730,70,4,41
2025-12-20 21:23:06,1.34,0.02,0.0,79092,845,730,70,4,41
2025-12-20 21:24:06,1.16,0.03,0.0,79092,845,730,70,4,41
2025-12-20 21:25:06,1.32,0.02,0.0,79092,845,730,70,4,41
2025-12-20 21:26:06,1.35,0.15,0.0,79092,845,730,70,4,41
2025-12-20 21:27:06,1.37,0.07,0.0,79092,845,730,70,4,41
2025-12-20 21:28:06,1.43,0.09,0.0,79092,845,730,70,4,41
2025-12-20 21:29:06,1.26,0.09,0.0,79092,845,730,70,4,41
2025-12-20 21:30:06,1.41,0.11,0.0,79092,845,730,70,4,41
2025-12-20 21:31:07,1.38,0.05,0.0,79092,845,730,70,4,41
2025-12-20 21:32:07,1.4,0.2,0.0,79092,845,730,70,4,41
2025-12-20 21:33:07,1.33,0.02,0.0,79092,845,730,70,4,41
2025-12-20 21:34:07,1.22,0.14,0.0,79092,845,730,70,4,41
2025-12-20 21:35:07,1.43,0.08,0.0,79092,845,730,70,4,41
2025-12-20 21:36:07,1.48,0.44,0.0,79092,845,730,70,4,41
2025-12-20 21:37:07,1.25,0.07,0.0,79092,845,730,70,4,41
2025-12-20 21:38:07,1.94,0.93,0.0,79092,845,730,70,4,41
2025-12-20 21:39:07,1.28,0.07,0.0,79092,845,730,70,4,41
2025-12-20 21:40:07,1.22,0.1,0.0,79092,845,730,70,4,41
2025-12-20 21:41:07,1.2,0.06,0.0,79092,845,730,70,4,41
2025-12-20 21:42:07,1.21,0.1,0.0,79092,845,730,70,4,41
2025-12-20 21:43:07,1.37,0.21,0.0,79092,845,730,70,4,41
2025-12-20 21:44:07,1.27,0.09,0.0,79092,845,730,70,4,41
2025-12-20 21:45:08,1.37,0.01,0.0,79092,845,730,70,4,41
2025-12-20 21:46:08,1.35,0.04,0.0,79092,845,730,70,4,41
2025-12-20 21:47:08,1.27,0.11,0.0,79092,845,730,70,4,41
2025-12-20 21:48:08,1.33,0.14,0.0,79092,845,730,70,4,41
2025-12-20 21:49:08,1.31,0.06,0.0,79092,845,730,70,4,41
2025-12-20 21:50:08,1.22,0.07,0.0,79092,845,730,70,4,41
2025-12-20 21:51:08,1.35,0.07,0.0,79092,845,730,70,4,41
2025-12-20 21:52:08,1.25,0.12,0.0,79092,845,730,70,4,41
2025-12-20 21:53:08,1.32,0.06,0.0,79092,845,730,70,4,41
2025-12-20 21:54:08,1.32,0.02,0.0,79092,845,730,70,4,41
2025-12-20 21:55:08,1.36,0.04,0.0,79092,845,730,70,4,41
2025-12-20 21:56:08,1.43,0.08,0.0,79092,845,730,70,4,41
2025-12-20 21:57:08,1.48,0.67,0.0,79092,845,730,70,4,41
2025-12-20 21:58:08,1.31,0.04,0.0,79092,845,730,70,4,41
2025-12-20 21:59:09,1.32,0.03,0.0,79092,845,730,70,4,41
2025-12-20 22:00:09,1.29,0.1,0.0,79092,845,730,70,4,41
2025-12-20 22:01:09,2.04,1.11,0.0,79092,845,730,70,4,41
2025-12-20 22:02:09,1.29,0.11,0.0,79092,845,730,70,4,41
2025-12-20 22:03:09,1.36,0.17,0.0,79092,845,730,70,4,41
2025-12-20 22:04:09,1.31,0.39,0.0,79092,845,730,70,4,41
2025-12-20 22:05:09,1.33,0.03,0.0,79092,845,730,70,4,41
2025-12-20 22:06:09,1.34,0.08,0.0,79092,845,730,70,4,41
2025-12-20 22:07:09,2.11,2.26,0.0,79092,845,730,70,4,41
2025-12-20 22:08:09,1.13,0.01,0.0,79092,845,730,70,4,41
2025-12-20 22:09:09,1.34,0.13,0.0,79092,845,730,70,4,41
2025-12-20 22:10:09,1.25,0.1,0.0,79092,845,730,70,4,41
2025-12-20 22:11:09,1.16,0.04,0.0,79092,845,730,70,4,41
2025-12-20 22:12:09,1.47,0.12,0.0,79092,845,730,70,4,41
2025-12-20 22:13:09,1.19,0.07,0.0,79092,845,730,70,4,41
2025-12-20 22:14:09,1.35,0.07,0.0,79092,845,730,70,4,41
2025-12-20 22:15:10,1.32,0.17,0.0,79092,845,730,70,4,41
2025-12-20 22:16:10,1.16,0.03,0.0,79092,845,730,70,4,41
2025-12-20 22:17:10,1.34,0.09,0.0,79092,845,730,70,4,41
2025-12-20 22:18:10,1.26,0.09,0.0,79092,845,730,70,4,41
2025-12-20 22:19:10,1.43,0.06,0.0,79092,845,730,70,4,41
2025-12-20 22:20:10,1.36,0.06,0.0,79092,845,730,70,4,41
2025-12-20 22:21:10,1.21,0.1,0.0,79092,845,730,70,4,41
2025-12-20 22:22:10,1.35,0.05,0.0,79092,845,730,70,4,41
2025-12-20 22:23:10,1.18,0.03,0.0,79092,845,730,70,4,41
2025-12-20 22:24:10,1.28,0.05,0.0,79092,845,730,70,4,41
2025-12-20 22:25:10,1.3,0.07,0.0,79092,845,730,70,4,41
2025-12-20 22:26:10,1.17,0.03,0.0,79092,845,730,70,4,41
2025-12-20 22:27:10,1.34,0.01,0.0,79092,845,730,70,4,41
2025-12-20 22:28:10,1.24,0.1,0.0,79092,845,730,70,4,41
2025-12-20 22:29:10,1.18,0.07,0.0,79092,845,730,70,4,41
2025-12-20 22:30:10,1.18,0.02,0.0,79092,845,730,70,4,41
2025-12-20 22:31:11,1.16,0.01,0.0,79092,845,730,70,4,41
2025-12-20 22:32:11,1.44,0.4,0.0,79092,845,730,70,4,41
2025-12-20 22:33:11,1.27,0.1,0.0,79092,845,730,70,4,41
2025-12-20 22:34:11,1.18,0.07,0.0,79092,845,730,70,4,41
2025-12-20 22:35:11,1.27,0.08,0.0,79092,845,730,70,4,41
2025-12-20 22:36:11,1.21,0.04,0.0,79092,845,730,70,4,41
2025-12-20 22:37:11,1.3,0.16,0.0,79092,845,730,70,4,41
2025-12-20 22:38:11,1.31,0.02,0.0,79092,845,730,70,4,41
2025-12-20 22:39:11,1.27,0.04,0.0,79092,845,730,70,4,41
2025-12-20 22:40:11,1.35,0.19,0.0,79092,845,730,70,4,41
2025-12-20 22:41:11,1.21,0.15,0.0,79092,845,730,70,4,41
2025-12-20 22:42:11,1.27,0.08,0.0,79092,845,730,70,4,41
2025-12-20 22:43:11,1.7,0.45,0.0,79092,845,730,70,4,41
2025-12-20 22:44:11,1.32,0.06,0.0,79092,845,730,70,4,41
2025-12-20 22:45:11,1.33,0.05,0.0,79092,845,730,70,4,41
2025-12-20 22:46:12,1.31,0.14,0.0,79092,845,730,70,4,41
2025-12-20 22:47:12,1.3,0.07,0.0,79092,845,730,70,4,41
2025-12-20 22:48:12,1.22,0.02,0.0,79092,845,730,70,4,41
2025-12-20 22:49:12,1.2,0.12,0.0,79092,845,730,70,4,41
2025-12-20 22:50:12,1.41,0.08,0.0,79092,845,730,70,4,41
2025-12-20 22:51:12,1.43,0.06,0.0,79092,845,730,70,4,41
2025-12-20 22:52:12,1.27,0.13,0.0,79092,845,730,70,4,41
2025-12-20 22:53:12,2.34,1.66,0.0,79092,845,730,70,4,41
2025-12-20 22:54:12,1.33,0.14,0.0,79092,845,730,70,4,41
2025-12-20 22:55:12,1.36,0.08,0.0,79092,845,730,70,4,41
2025-12-20 22:56:12,1.44,0.24,0.0,79092,845,730,70,4,41
2025-12-20 22:57:12,1.23,0.06,0.0,79092,845,730,70,4,41
2025-12-20 22:58:12,1.43,0.13,0.0,79092,845,730,70,4,41
2025-12-20 22:59:12,1.34,0.16,0.0,79092,845,730,70,4,41
2025-12-20 23:00:12,1.37,0.01,0.0,79092,845,730,70,4,41
2025-12-20 23:01:13,1.35,0.06,0.0,79092,845,730,70,4,41
2025-12-20 23:02:13,1.19,0.06,0.0,79092,845,730,70,4,41
2025-12-20 23:03:13,1.33,0.05,0.0,79092,845,730,70,4,41
2025-12-20 23:04:13,1.29,0.21,0.0,79092,845,730,70,4,41
2025-12-20 23:05:13,1.32,0.12,0.0,79092,845,730,70,4,41
2025-12-20 23:06:13,1.2,0.1,0.0,79092,845,730,70,4,41
2025-12-20 23:07:13,1.2,0.14,0.0,79092,845,730,70,4,41
2025-12-20 23:08:13,1.38,0.1,0.0,79092,845,730,70,4,41
2025-12-20 23:09:13,1.34,0.05,0.0,79092,845,730,70,4,41
2025-12-20 23:10:13,1.26,0.06,0.0,79092,845,730,70,4,41
2025-12-20 23:11:13,1.32,0.06,0.0,79092,845,730,70,4,41
2025-12-20 23:12:13,1.28,0.13,0.0,79092,845,730,70,4,41
2025-12-20 23:13:13,1.24,0.08,0.0,79092,845,730,70,4,41
2025-12-20 23:14:13,1.28,0.04,0.0,79092,845,730,70,4,41
2025-12-20 23:15:13,1.21,0.05,0.0,79092,845,730,70,4,41
2025-12-20 23:16:14,1.37,0.16,0.0,79092,845,730,70,4,41
2025-12-20 23:17:14,1.3,0.03,0.0,79092,845,730,70,4,41
2025-12-20 23:18:14,1.15,0.07,0.0,79092,845,730,70,4,41
2025-12-20 23:19:14,1.25,0.03,0.0,79092,845,730,70,4,41
2025-12-20 23:20:14,1.14,0.03,0.0,79092,845,730,70,4,41
2025-12-20 23:21:14,1.28,0.06,0.0,79092,845,730,70,4,41
2025-12-20 23:22:14,1.22,0.13,0.0,79092,845,730,70,4,41
2025-12-20 23:23:14,1.37,0.09,0.0,79092,845,730,70,4,41
2025-12-20 23:24:14,1.18,0.04,0.0,79092,845,730,70,4,41
2025-12-20 23:25:14,1.1,0.19,0.0,79092,845,730,70,4,41
2025-12-20 23:26:14,1.38,0.16,0.0,79092,845,730,70,4,41
2025-12-20 23:27:14,1.13,0.08,0.0,79092,845,730,70,4,41
2025-12-20 23:28:14,1.16,0.08,0.0,79092,845,730,70,4,41
2025-12-20 23:29:14,1.05,0.3,0.0,79092,845,730,70,4,41
2025-12-20 23:30:15,1.22,0.12,0.0,79092,845,730,70,4,41
2025-12-20 23:31:15,1.25,0.07,0.0,79092,845,730,70,4,41
2025-12-20 23:32:15,1.34,0.04,0.0,79092,845,730,70,4,41
2025-12-20 23:33:15,1.12,0.0,0.0,79092,845,730,70,4,41
2025-12-20 23:34:15,1.37,0.22,0.0,79092,845,730,70,4,41
2025-12-20 23:35:15,1.21,0.11,0.0,79092,845,730,70,4,41
2025-12-20 23:36:15,1.36,0.18,0.0,79092,845,730,70,4,41
2025-12-20 23:37:15,1.23,0.13,0.0,79092,845,730,70,4,41
2025-12-20 23:38:15,1.19,0.02,0.0,79092,845,730,70,4,41
2025-12-20 23:39:15,1.34,0.13,0.0,79092,845,730,70,4,41
2025-12-20 23:40:15,1.15,0.0,0.0,79092,845,730,70,4,41
2025-12-20 23:41:15,1.22,0.03,0.0,79092,845,730,70,4,41
2025-12-20 23:42:15,1.2,0.1,0.0,79092,845,730,70,4,41
2025-12-20 23:43:15,1.15,0.05,0.0,79092,845,730,70,4,41
2025-12-20 23:44:15,1.37,0.08,0.0,79092,845,730,70,4,41
2025-12-20 23:45:15,1.28,0.11,0.0,79092,845,730,70,4,41
2025-12-20 23:46:16,1.35,0.16,0.0,79092,845,730,70,4,41
2025-12-20 23:47:16,1.23,0.12,0.0,79092,845,730,70,4,41
2025-12-20 23:48:16,1.26,0.15,0.0,79092,845,730,70,4,41
2025-12-20 23:49:16,1.28,0.01,0.0,79092,845,730,70,4,41
2025-12-20 23:50:16,1.41,0.14,0.0,79092,845,730,70,4,41
2025-12-20 23:51:16,1.15,0.03,0.0,79092,845,730,70,4,41
2025-12-20 23:52:16,1.19,0.05,0.0,79092,845,730,70,4,41
2025-12-20 23:53:16,1.21,0.22,0.0,79092,845,730,70,4,41
2025-12-20 23:54:16,1.91,0.94,0.0,79092,845,730,70,4,41
2025-12-20 23:55:16,1.24,0.02,0.0,79092,845,730,70,4,41
2025-12-20 23:56:16,1.17,0.11,0.0,79092,845,730,70,4,41
2025-12-20 23:57:16,1.22,0.11,0.0,79092,845,730,70,4,41
2025-12-20 23:58:17,1.21,0.11,0.0,79092,845,730,70,4,41
2025-12-20 23:59:17,1.25,0.1,0.0,79092,845,730,70,4,41
2025-12-21 00:00:17,1.31,0.01,0.0,79092,845,730,70,4,41
2025-12-21 00:01:17,1.22,0.02,0.0,79092,845,730,70,4,41
2025-12-21 00:02:17,1.32,0.13,0.0,79092,845,730,70,4,41
2025-12-21 00:03:17,1.16,0.28,0.0,79092,845,730,70,4,41
2025-12-21 00:04:17,1.18,0.08,0.0,79092,845,730,70,4,41
2025-12-21 00:05:17,1.3,0.03,0.0,79092,845,730,70,4,41
2025-12-21 00:06:17,1.16,0.01,0.0,79092,845,730,70,4,41
2025-12-21 00:24:16,1.21,0.12,0.0,79092,845,730,70,4,41
2025-12-21 00:25:16,1.42,0.36,0.0,79092,845,730,70,4,41
2025-12-21 00:26:16,1.34,0.07,0.0,79092,845,730,70,4,41
2025-12-21 00:27:16,1.25,0.1,0.0,79092,845,730,70,4,41
2025-12-21 00:28:16,1.21,0.1,0.0,79092,845,730,70,4,41
2025-12-21 00:29:16,1.16,0.01,0.0,79092,845,730,70,4,41
2025-12-21 00:30:16,1.34,0.09,0.0,79092,845,730,70,4,41
2025-12-21 00:31:16,1.28,0.01,0.0,79092,845,730,70,4,41
2025-12-21 00:32:16,1.23,0.1,0.0,79092,845,730,70,4,41
2025-12-21 00:33:16,1.36,0.08,0.0,79092,845,730,70,4,41
2025-12-21 00:34:16,1.21,0.13,0.0,79092,845,730,70,4,41
2025-12-21 00:35:16,1.28,0.05,0.0,79092,845,730,70,4,41
2025-12-21 00:36:17,1.37,0.07,0.0,79092,845,730,70,4,41
2025-12-21 00:37:17,1.08,0.21,0.0,79092,845,730,70,4,41
2025-12-21 00:38:17,1.4,0.1,0.0,79092,845,730,70,4,41
2025-12-21 00:39:17,1.34,0.03,0.0,79092,845,730,70,4,41
2025-12-21 00:40:17,1.1,0.31,0.0,79092,845,730,70,4,41
2025-12-21 00:41:17,1.35,0.04,0.0,79092,845,730,70,4,41
2025-12-21 00:42:17,1.27,0.1,0.0,79092,845,730,70,4,41
2025-12-21 00:43:17,1.33,0.03,0.0,79092,845,730,70,4,41
2025-12-21 00:44:17,1.34,0.05,0.0,79092,845,730,70,4,41
2025-12-21 00:45:17,1.27,0.04,0.0,79092,845,730,70,4,41
2025-12-21 00:46:17,1.34,0.2,0.0,79092,845,730,70,4,41
2025-12-21 00:47:17,1.16,0.62,0.0,79092,845,730,70,4,41
2025-12-21 00:48:17,1.4,0.24,0.0,79092,845,730,70,4,41
2025-12-21 00:49:17,1.31,0.13,0.0,79092,845,730,70,4,41
2025-12-21 00:50:17,1.09,0.07,0.0,79092,845,730,70,4,41
2025-12-21 00:51:18,1.2,0.11,0.0,79092,845,730,70,4,41
2025-12-21 00:52:18,1.14,0.02,33.33,79092,845,730,70,4,41
2025-12-21 00:53:18,1.35,0.05,0.0,79092,845,730,70,4,41
2025-12-21 00:54:18,1.29,0.16,0.0,79092,845,730,70,4,41
2025-12-21 00:55:18,1.19,0.09,0.0,79092,845,730,70,4,41
2025-12-21 00:56:18,1.44,0.22,0.0,79092,845,730,70,4,41
2025-12-21 00:57:18,1.29,0.02,0.0,79092,845,730,70,4,41
2025-12-21 00:58:18,1.37,0.05,0.0,79092,845,730,70,4,41
2025-12-21 00:59:18,1.06,0.42,0.0,79092,845,730,70,4,41
2025-12-21 01:00:18,1.11,0.04,0.0,79092,845,730,70,4,41
2025-12-21 01:01:18,1.26,0.33,0.0,79092,845,730,70,4,41
2025-12-21 01:02:18,1.34,0.06,0.0,79092,845,730,70,4,41
2025-12-21 01:03:18,1.22,0.1,0.0,79092,845,730,70,4,41
2025-12-21 01:04:18,1.31,0.16,0.0,79092,845,730,70,4,41
2025-12-21 01:05:19,1.17,0.08,0.0,79092,845,730,70,4,41
2025-12-21 01:06:19,1.34,0.07,0.0,79092,845,730,70,4,41
2025-12-21 01:07:19,1.35,0.11,0.0,79092,845,730,70,4,41
2025-12-21 01:08:19,1.06,0.51,0.0,79092,845,730,70,4,41
2025-12-21 01:09:19,1.32,0.03,0.0,79092,845,730,70,4,41
2025-12-21 01:10:19,1.2,0.23,0.0,79092,845,730,70,4,41
2025-12-21 01:11:19,1.37,0.09,0.0,79092,845,730,70,4,41
2025-12-21 01:12:19,1.21,0.01,0.0,79092,845,730,70,4,41
2025-12-21 01:13:19,1.14,0.04,0.0,79092,845,730,70,4,41
2025-12-21 01:14:19,1.28,0.0,0.0,79092,845,730,70,4,41
2025-12-21 01:15:19,1.13,0.21,0.0,79092,845,730,70,4,41
2025-12-21 01:16:19,1.21,0.17,0.0,79092,845,730,70,4,41
2025-12-21 01:17:19,1.32,0.32,0.0,79092,845,730,70,4,41
2025-12-21 01:18:19,1.16,0.11,0.0,79092,845,730,70,4,41
2025-12-21 01:19:19,1.43,0.1,0.0,79092,845,730,70,4,41
2025-12-21 01:20:20,1.25,0.25,0.0,79092,845,730,70,4,41
2025-12-21 01:21:20,1.37,0.22,0.0,79092,845,730,70,4,41
2025-12-21 01:22:20,1.22,0.15,0.0,79092,845,730,70,4,41
2025-12-21 01:23:20,1.27,0.09,0.0,79092,845,730,70,4,41
2025-12-21 01:24:20,1.05,0.36,0.0,79092,845,730,70,4,41
2025-12-21 01:25:20,1.24,0.06,0.0,79092,845,730,70,4,41
2025-12-21 01:26:20,1.24,0.2,0.0,79092,845,730,70,4,41
2025-12-21 01:27:20,1.28,0.04,0.0,79092,845,730,70,4,41
2025-12-21 01:28:20,1.31,0.04,0.0,79092,845,730,70,4,41
2025-12-21 01:29:20,1.21,0.47,0.0,79092,845,730,70,4,41
2025-12-21 01:30:20,1.28,0.1,0.0,79092,845,730,70,4,41
2025-12-21 01:31:20,1.26,0.06,0.0,79092,845,730,70,4,41
2025-12-21 01:32:20,1.22,0.14,0.0,79092,845,730,70,4,41
2025-12-21 01:33:20,1.27,0.03,0.0,79092,845,730,70,4,41
2025-12-21 01:34:21,1.29,0.06,0.0,79092,845,730,70,4,41
2025-12-21 01:35:21,1.15,0.3,0.0,79092,845,730,70,4,41
2025-12-21 01:36:21,1.28,0.03,0.0,79092,845,730,70,4,41
2025-12-21 01:37:21,1.22,0.27,0.0,79092,845,730,70,4,41
2025-12-21 01:38:21,1.29,0.01,0.0,79092,845,730,70,4,41
2025-12-21 01:39:21,1.26,0.04,0.0,79092,845,730,70,4,41
2025-12-21 01:40:21,1.31,0.04,0.0,79092,845,730,70,4,41
2025-12-21 01:41:21,1.34,0.1,0.0,79092,845,730,70,4,41
2025-12-21 01:42:21,1.15,0.25,0.0,79092,845,730,70,4,41
2025-12-21 01:43:21,1.34,0.02,0.0,79092,845,730,70,4,41
2025-12-21 01:44:21,1.29,0.22,0.0,79092,845,730,70,4,41
2025-12-21 01:45:21,1.31,0.03,0.0,79092,845,730,70,4,41
2025-12-21 01:46:21,1.34,0.09,0.0,79092,845,730,70,4,41
2025-12-21 01:47:21,1.32,0.07,0.0,79092,845,730,70,4,41
2025-12-21 01:48:22,1.16,0.02,0.0,79092,845,730,70,4,41
2025-12-21 01:49:22,1.29,0.04,0.0,79092,845,730,70,4,41
2025-12-21 01:50:22,1.17,0.33,0.0,79092,845,730,70,4,41
2025-12-21 01:51:22,1.34,0.09,0.0,79092,845,730,70,4,41
2025-12-21 01:52:22,1.16,0.05,0.0,79092,845,730,70,4,41
2025-12-21 01:53:22,1.24,0.54,0.0,79092,845,730,70,4,41
2025-12-21 01:54:22,1.28,0.28,0.0,79092,845,730,70,4,41
2025-12-21 01:55:22,1.19,0.26,0.0,79092,845,730,70,4,41
2025-12-21 01:56:22,1.32,0.11,0.0,79092,845,730,70,4,41
2025-12-21 01:57:22,1.16,0.03,0.0,79092,845,730,70,4,41
2025-12-21 01:58:22,1.21,0.45,0.0,79092,845,730,70,4,41
2025-12-21 01:59:22,1.29,0.02,0.0,79092,845,730,70,4,41
2025-12-21 02:00:22,1.29,0.14,0.0,79092,845,730,70,4,41
2025-12-21 02:01:22,1.16,0.03,0.0,79092,845,730,70,4,41
2025-12-21 02:02:23,1.11,0.16,0.0,79092,845,730,70,4,41
2025-12-21 02:03:23,1.28,0.03,0.0,79092,845,730,70,4,41
2025-12-21 02:04:23,1.28,0.03,0.0,79092,845,730,70,4,41
2025-12-21 02:05:23,1.42,0.1,0.0,79092,845,730,70,4,41
2025-12-21 02:06:23,1.24,0.32,0.0,79092,845,730,70,4,41
2025-12-21 02:07:23,1.42,0.3,0.0,79092,845,730,70,4,41
2025-12-21 02:08:23,1.29,0.03,0.0,79092,845,730,70,4,41
2025-12-21 02:09:23,1.34,0.06,0.0,79092,845,730,70,4,41
2025-12-21 02:10:23,1.2,0.09,0.0,79092,845,730,70,4,41
2025-12-21 02:11:23,1.35,0.1,0.0,79092,845,730,70,4,41
2025-12-21 02:12:23,1.31,0.03,0.0,79092,845,730,70,4,41
2025-12-21 02:13:23,1.61,1.02,0.0,79092,845,730,70,4,41
2025-12-21 02:14:23,1.22,0.09,0.0,79092,845,730,70,4,41
2025-12-21 02:15:24,1.16,0.39,0.0,79092,845,730,70,4,41
2025-12-21 02:16:24,1.51,0.45,0.0,79092,845,730,70,4,41
2025-12-21 02:17:24,1.41,0.34,0.0,79092,845,730,70,4,41
2025-12-21 02:18:24,1.18,0.13,0.0,79092,845,730,70,4,41
2025-12-21 02:19:24,1.34,0.14,0.0,79092,845,730,70,4,41
2025-12-21 02:20:24,1.34,0.16,0.0,79092,845,730,70,4,41
2025-12-21 02:21:24,1.33,0.12,0.0,79092,845,730,70,4,41
2025-12-21 02:22:24,1.14,0.44,0.0,79092,845,730,70,4,41
2025-12-21 02:23:24,1.14,0.04,0.0,79092,845,730,70,4,41
2025-12-21 02:24:24,1.3,0.03,0.0,79092,845,730,70,4,41
2025-12-21 02:25:24,1.28,0.03,0.0,79092,845,730,70,4,41
2025-12-21 02:26:24,1.22,0.11,0.0,79092,845,730,70,4,41
2025-12-21 02:27:24,1.17,0.06,0.0,79092,845,730,70,4,41
2025-12-21 02:28:25,1.36,0.17,0.0,79092,845,730,70,4,41
2025-12-21 02:29:25,1.27,0.0,0.0,79092,845,730,70,4,41
2025-12-21 02:30:25,1.21,0.12,0.0,79092,845,730,70,4,41
2025-12-21 02:31:25,1.13,0.01,0.0,79092,845,730,70,4,41
2025-12-21 02:32:25,1.28,0.06,0.0,79092,845,730,70,4,41
2025-12-21 02:33:25,1.28,0.01,0.0,79092,845,730,70,4,41
2025-12-21 02:34:25,1.37,0.12,0.0,79092,845,730,70,4,41
2025-12-21 02:35:25,1.35,0.05,0.0,79092,845,730,70,4,41
2025-12-21 02:36:25,1.2,0.18,0.0,79092,845,730,70,4,41
2025-12-21 02:37:25,1.3,0.08,0.0,79092,845,730,70,4,41
2025-12-21 02:38:25,1.36,0.04,0.0,79092,845,730,70,4,41
2025-12-21 02:39:25,1.3,0.14,0.0,79092,845,730,70,4,41
2025-12-21 02:40:25,1.22,0.31,0.0,79092,845,730,70,4,41
2025-12-21 02:41:26,1.37,0.12,0.0,79092,845,730,70,4,41
2025-12-21 02:42:26,1.3,0.07,0.0,79092,845,730,70,4,41
2025-12-21 02:43:26,1.21,0.32,0.0,79092,845,730,70,4,41
2025-12-21 02:44:26,1.38,0.21,0.0,79092,845,730,70,4,41
2025-12-21 02:45:26,1.37,0.13,0.0,79092,845,730,70,4,41
2025-12-21 02:46:26,1.4,0.11,0.0,79092,845,730,70,4,41
2025-12-21 02:47:26,1.37,0.09,0.0,79092,845,730,70,4,41
2025-12-21 02:48:26,1.35,0.12,0.0,79092,845,730,70,4,41
2025-12-21 02:49:26,1.38,0.08,0.0,79092,845,730,70,4,41
2025-12-21 02:50:26,1.58,0.79,0.0,79092,845,730,70,4,41
2025-12-21 02:51:26,1.31,0.02,0.0,79092,845,730,70,4,41
2025-12-21 02:52:26,1.23,0.04,0.0,79092,845,730,70,4,41
2025-12-21 02:53:26,1.38,0.17,0.0,79092,845,730,70,4,41
2025-12-21 02:54:27,1.35,0.08,0.0,79092,845,730,70,4,41
2025-12-21 02:55:27,1.35,0.06,0.0,79092,845,730,70,4,41
2025-12-21 02:56:27,1.34,0.11,0.0,79092,845,730,70,4,41
2025-12-21 02:57:27,1.4,0.11,0.0,79092,845,730,70,4,41
2025-12-21 02:58:27,1.37,0.07,0.0,79092,845,730,70,4,41
2025-12-21 02:59:27,1.17,0.03,0.0,79092,845,730,70,4,41
2025-12-21 03:00:27,1.34,0.1,0.0,79092,845,730,70,4,41
2025-12-21 03:01:27,1.37,0.07,0.0,79092,845,730,70,4,41
2025-12-21 03:02:27,1.33,0.03,0.0,79092,845,730,70,4,41
2025-12-21 03:03:27,1.28,0.04,0.0,79092,845,730,70,4,41
2025-12-21 03:04:27,1.18,0.03,0.0,79092,845,730,70,4,41
2025-12-21 03:05:27,1.35,0.01,0.0,79092,845,730,70,4,41
2025-12-21 03:06:27,1.32,0.06,0.0,79092,845,730,70,4,41
2025-12-21 03:07:27,1.38,0.11,0.0,79092,845,730,70,4,41
2025-12-21 03:08:28,1.35,0.01,0.0,79092,845,730,70,4,41
2025-12-21 03:09:28,1.29,0.02,0.0,79092,845,730,70,4,41
2025-12-21 03:10:28,1.14,0.33,0.0,79092,845,730,70,4,41
2025-12-21 03:11:28,1.3,0.02,0.0,79092,845,730,70,4,41
2025-12-21 03:12:28,1.34,0.04,0.0,79092,845,730,70,4,41
2025-12-21 03:13:28,3.39,3.15,0.0,79092,845,730,70,4,41
2025-12-21 03:14:28,1.42,0.11,0.0,79092,845,730,70,4,41
2025-12-21 03:15:28,1.38,0.13,0.0,79092,845,730,70,4,41
2025-12-21 03:16:28,1.39,0.07,0.0,79092,845,730,70,4,41
2025-12-21 03:17:28,1.39,0.17,0.0,79092,845,730,70,4,41
2025-12-21 03:18:28,1.38,0.05,0.0,79092,845,730,70,4,41
2025-12-21 03:19:28,1.41,0.15,0.0,79092,845,730,70,4,41
2025-12-21 03:20:29,1.38,0.03,0.0,79092,845,730,70,4,41
2025-12-21 03:21:29,1.31,0.05,0.0,79092,845,730,70,4,41
2025-12-21 03:22:29,1.21,0.07,0.0,79092,845,730,70,4,41
2025-12-21 03:23:29,1.24,0.1,0.0,79092,845,730,70,4,41
2025-12-21 03:24:29,1.36,0.06,0.0,79092,845,730,70,4,41
2025-12-21 03:25:29,1.38,0.04,0.0,79092,845,730,70,4,41
2025-12-21 03:26:29,1.35,0.06,0.0,79092,845,730,70,4,41
2025-12-21 03:27:29,1.4,0.1,0.0,79092,845,730,70,4,41
2025-12-21 03:28:29,1.32,0.04,0.0,79092,845,730,70,4,41
2025-12-21 03:29:29,1.14,0.03,0.0,79092,845,730,70,4,41
2025-12-21 03:30:29,1.33,0.05,0.0,79092,845,730,70,4,41
2025-12-21 03:31:29,1.35,0.08,0.0,79092,845,730,70,4,41
2025-12-21 03:32:29,1.33,0.03,0.0,79092,845,730,70,4,41
2025-12-21 03:33:30,1.17,0.03,0.0,79092,845,730,70,4,41
2025-12-21 03:34:30,1.34,0.14,0.0,79092,845,730,70,4,41
2025-12-21 03:35:30,1.35,0.03,0.0,79092,845,730,70,4,41
2025-12-21 03:36:30,1.38,0.12,0.0,79092,845,730,70,4,41
2025-12-21 03:37:30,1.33,0.02,0.0,79092,845,730,70,4,41
2025-12-21 03:38:30,1.4,0.04,0.0,79092,845,730,70,4,41
2025-12-21 03:39:30,1.3,0.09,0.0,79092,845,730,70,4,41
2025-12-21 03:40:30,1.33,0.1,0.0,79092,845,730,70,4,41
2025-12-21 03:41:30,1.39,0.08,0.0,79092,845,730,70,4,41
2025-12-21 03:42:30,1.36,0.09,0.0,79092,845,730,70,4,41
2025-12-21 03:43:30,1.41,0.09,0.0,79092,845,730,70,4,41
2025-12-21 03:44:30,1.29,0.09,0.0,79092,845,730,70,4,41
2025-12-21 03:45:30,1.36,0.14,0.0,79092,845,730,70,4,41
2025-12-21 03:46:31,1.37,0.12,0.0,79092,845,730,70,4,41
2025-12-21 03:47:31,1.37,0.07,0.0,79092,845,730,70,4,41
2025-12-21 03:48:31,1.36,0.05,0.0,79092,845,730,70,4,41
2025-12-21 03:49:31,1.39,0.15,0.0,79092,845,730,70,4,41
2025-12-21 03:50:31,1.16,0.05,0.0,79092,845,730,70,4,41
2025-12-21 03:51:31,1.39,0.06,0.0,79092,845,730,70,4,41
2025-12-21 03:52:31,1.32,0.05,0.0,79092,845,730,70,4,41
2025-12-21 03:53:31,1.76,0.93,0.0,79092,845,730,70,4,41
2025-12-21 03:54:31,1.33,0.07,0.0,79092,845,730,70,4,41
2025-12-21 03:55:31,1.34,0.02,0.0,79092,845,730,70,4,41
2025-12-21 03:56:31,1.28,0.05,0.0,79092,845,730,70,4,41
2025-12-21 03:57:31,1.34,0.02,0.0,79092,845,730,70,4,41
2025-12-21 03:58:31,1.39,0.03,0.0,79092,845,730,70,4,41
2025-12-21 03:59:31,1.36,0.02,0.0,79092,845,730,70,4,41
2025-12-21 04:00:32,1.18,0.07,0.0,79092,845,730,70,4,41
2025-12-21 04:01:32,1.39,0.08,0.0,79092,845,730,70,4,41
2025-12-21 04:02:32,1.37,0.07,0.0,79092,845,730,70,4,41
2025-12-21 04:03:32,1.34,0.04,0.0,79092,845,730,70,4,41
2025-12-21 04:04:32,1.35,0.08,0.0,79092,845,730,70,4,41
2025-12-21 04:05:32,1.4,0.13,0.0,79092,845,730,70,4,41
2025-12-21 04:06:32,1.27,0.15,0.0,79092,845,730,70,4,41
2025-12-21 04:07:32,1.26,0.14,0.0,79092,845,730,70,4,41
2025-12-21 04:08:32,1.39,0.2,0.0,79092,845,730,70,4,41
2025-12-21 04:09:32,1.37,0.08,0.0,79092,845,730,70,4,41
2025-12-21 04:10:32,1.4,0.07,0.0,79092,845,730,70,4,41
2025-12-21 04:11:32,1.33,0.05,0.0,79092,845,730,70,4,41
2025-12-21 04:12:32,1.25,0.04,0.0,79092,845,730,70,4,41
2025-12-21 04:13:33,1.52,0.34,0.0,79092,845,730,70,4,41
2025-12-21 04:14:33,1.38,0.12,0.0,79092,845,730,70,4,41
2025-12-21 04:15:33,1.39,0.02,0.0,79092,845,730,70,4,41
2025-12-21 04:16:33,1.3,0.04,0.0,79092,845,730,70,4,41
2025-12-21 04:17:33,1.3,0.2,0.0,79092,845,730,70,4,41
2025-12-21 04:18:33,1.32,0.06,0.0,79092,845,730,70,4,41
2025-12-21 04:19:33,1.38,0.18,0.0,79092,845,730,70,4,41
2025-12-21 04:20:33,1.36,0.02,0.0,79092,845,730,70,4,41
2025-12-21 04:21:33,1.37,0.04,0.0,79092,845,730,70,4,41
2025-12-21 04:22:33,1.34,0.02,0.0,79092,845,730,70,4,41
2025-12-21 04:23:33,1.32,0.04,0.0,79092,845,730,70,4,41
2025-12-21 04:24:33,1.39,0.1,0.0,79092,845,730,70,4,41
2025-12-21 04:25:33,1.29,0.07,0.0,79092,845,730,70,4,41
2025-12-21 04:26:33,1.33,0.03,0.0,79092,845,730,70,4,41
2025-12-21 04:27:34,1.43,0.11,0.0,79092,845,730,70,4,41
2025-12-21 04:28:34,1.47,0.13,0.0,79092,845,730,70,4,41
2025-12-21 04:29:34,1.19,0.04,0.0,79092,845,730,70,4,41
2025-12-21 04:30:34,1.34,0.01,0.0,79092,845,730,70,4,41
2025-12-21 04:31:34,1.34,0.04,0.0,79092,845,730,70,4,41
2025-12-21 04:32:34,1.33,0.04,0.0,79092,845,730,70,4,41
2025-12-21 04:33:34,1.32,0.03,0.0,79092,845,730,70,4,41
2025-12-21 04:34:34,1.36,0.07,0.0,79092,845,730,70,4,41
2025-12-21 04:35:34,1.2,0.01,0.0,79092,845,730,70,4,41
2025-12-21 04:36:34,1.34,0.04,0.0,79092,845,730,70,4,41
2025-12-21 04:37:34,1.32,0.01,0.0,79092,845,730,70,4,41
2025-12-21 04:38:34,1.31,0.06,0.0,79092,845,730,70,4,41
2025-12-21 04:39:34,1.32,0.02,0.0,79092,845,730,70,4,41
2025-12-21 04:40:34,1.34,0.01,0.0,79092,845,730,70,4,41
2025-12-21 04:41:35,1.35,0.23,0.0,79092,845,730,70,4,41
2025-12-21 04:42:35,1.34,0.02,0.0,79092,845,730,70,4,41
2025-12-21 04:43:35,1.32,0.07,0.0,79092,845,730,70,4,41
2025-12-21 04:44:35,1.4,0.07,0.0,79092,845,730,70,4,41
2025-12-21 04:45:35,1.33,0.11,0.0,79092,845,730,70,4,41
2025-12-21 04:46:35,1.2,0.05,0.0,79092,845,730,70,4,41
2025-12-21 04:47:35,1.38,0.05,0.0,79092,845,730,70,4,41
2025-12-21 04:48:35,1.4,0.11,0.0,79092,845,730,70,4,41
2025-12-21 04:49:35,1.4,0.07,0.0,79092,845,730,70,4,41
2025-12-21 04:50:35,1.35,0.01,0.0,79092,845,730,70,4,41
2025-12-21 04:51:35,1.34,0.02,0.0,79092,845,730,70,4,41
2025-12-21 04:52:35,1.2,0.04,0.0,79092,845,730,70,4,41
2025-12-21 04:53:36,1.43,0.08,0.0,79092,845,730,70,4,41
2025-12-21 04:54:36,1.36,0.03,0.0,79092,845,730,70,4,41
2025-12-21 04:55:36,1.39,0.08,0.0,79092,845,730,70,4,41
2025-12-21 04:56:36,1.31,0.05,0.0,79092,845,730,70,4,41
2025-12-21 04:57:36,1.37,0.0,0.0,79092,845,730,70,4,41
2025-12-21 04:58:36,1.4,0.11,0.0,79092,845,730,70,4,41
2025-12-21 04:59:36,1.35,0.02,0.0,79092,845,730,70,4,41
2025-12-21 05:00:36,1.4,0.1,0.0,79092,845,730,70,4,41
2025-12-21 05:01:36,1.36,0.01,0.0,79092,845,730,70,4,41
2025-12-21 05:02:36,1.21,0.1,0.0,79092,845,730,70,4,41
2025-12-21 05:03:36,1.32,0.02,0.0,79092,845,730,70,4,41
2025-12-21 05:04:36,1.37,0.12,0.0,79092,845,730,70,4,41
2025-12-21 05:05:36,1.35,0.04,0.0,79092,845,730,70,4,41
2025-12-21 05:06:37,1.35,0.01,0.0,79092,845,730,70,4,41
2025-12-21 05:07:37,1.37,0.11,0.0,79092,845,730,70,4,41
2025-12-21 05:08:37,1.22,0.11,0.0,79092,845,730,70,4,41
2025-12-21 05:09:37,1.35,0.02,0.0,79092,845,730,70,4,41
2025-12-21 05:10:37,1.29,0.1,0.0,79092,845,730,70,4,41
2025-12-21 05:11:37,1.38,0.09,0.0,79092,845,730,70,4,41
2025-12-21 05:12:37,1.36,0.07,0.0,79092,845,730,70,4,41
2025-12-21 05:13:37,1.34,0.05,0.0,79092,845,730,70,4,41
2025-12-21 05:14:37,1.22,0.06,0.0,79092,845,730,70,4,41
2025-12-21 05:15:37,1.78,0.77,0.0,79092,845,730,70,4,41
2025-12-21 05:16:37,1.39,0.04,0.0,79092,845,730,70,4,41
2025-12-21 05:17:37,1.32,0.09,0.0,79092,845,730,70,4,41
2025-12-21 05:18:37,1.37,0.11,0.0,79092,845,730,70,4,41
2025-12-21 05:19:37,1.37,0.01,0.0,79092,845,730,70,4,41
2025-12-21 05:20:38,1.17,0.04,0.0,79092,845,730,70,4,41
2025-12-21 05:21:38,1.33,0.04,0.0,79092,845,730,70,4,41
2025-12-21 05:22:38,1.34,0.03,0.0,79092,845,730,70,4,41
2025-12-21 05:23:38,1.46,0.18,0.0,79092,845,730,70,4,41
2025-12-21 05:24:38,1.25,0.07,0.0,79092,845,730,70,4,41
2025-12-21 05:25:38,1.37,0.01,0.0,79092,845,730,70,4,41
2025-12-21 05:26:38,1.33,0.04,0.0,79092,845,730,70,4,41
2025-12-21 05:27:38,1.34,0.03,0.0,79092,845,730,70,4,41
2025-12-21 05:28:38,1.33,0.02,0.0,79092,845,730,70,4,41
2025-12-21 05:29:38,1.35,0.06,0.0,79092,845,730,70,4,41
2025-12-21 05:30:38,1.28,0.05,0.0,79092,845,730,70,4,41
2025-12-21 05:31:38,1.41,0.09,0.0,79092,845,730,70,4,41
2025-12-21 05:32:39,1.36,0.13,0.0,79092,845,730,70,4,41
2025-12-21 05:33:39,1.33,0.17,0.0,79092,845,730,70,4,41
2025-12-21 05:34:39,1.34,0.03,0.0,79092,845,730,70,4,41
2025-12-21 05:35:39,1.42,0.13,0.0,79092,845,730,70,4,41
2025-12-21 05:36:39,1.31,0.02,0.0,79092,845,730,70,4,41
2025-12-21 05:37:39,1.42,0.09,0.0,79092,845,730,70,4,41
2025-12-21 05:38:39,1.38,0.11,0.0,79092,845,730,70,4,41
2025-12-21 05:39:39,1.36,0.05,0.0,79092,845,730,70,4,41
2025-12-21 05:40:39,1.35,0.16,0.0,79092,845,730,70,4,41
2025-12-21 05:41:39,1.37,0.04,0.0,79092,845,730,70,4,41
2025-12-21 05:42:39,1.42,0.47,0.0,79092,845,730,70,4,41
2025-12-21 05:43:39,1.4,0.07,0.0,79092,845,730,70,4,41
2025-12-21 05:44:39,1.86,0.81,0.0,79092,845,730,70,4,41
2025-12-21 05:45:40,1.37,0.04,0.0,79092,845,730,70,4,41
2025-12-21 05:46:40,1.41,0.12,0.0,79092,845,730,70,4,41
2025-12-21 05:47:40,1.35,0.06,0.0,79092,845,730,70,4,41
2025-12-21 05:48:40,1.37,0.08,0.0,79092,845,730,70,4,41
2025-12-21 05:49:40,1.34,0.03,0.0,79092,845,730,70,4,41
2025-12-21 05:50:40,1.48,0.22,0.0,79092,845,730,70,4,41
2025-12-21 05:51:40,1.33,0.06,0.0,79092,845,730,70,4,41
2025-12-21 05:52:40,1.34,0.01,0.0,79092,845,730,70,4,41
2025-12-21 05:53:40,1.29,0.27,0.0,79092,845,730,70,4,41
2025-12-21 05:54:40,1.34,0.02,0.0,79092,845,730,70,4,41
2025-12-21 05:55:40,1.32,0.09,0.0,79092,845,730,70,4,41
2025-12-21 05:56:40,1.33,0.04,0.0,79092,845,730,70,4,41
2025-12-21 05:57:41,1.41,0.08,0.0,79092,845,730,70,4,41
2025-12-21 05:58:41,1.34,0.17,0.0,79092,845,730,70,4,41
2025-12-21 05:59:41,1.29,0.12,0.0,79092,845,730,70,4,41
2025-12-21 06:00:41,1.34,0.05,0.0,79092,845,730,70,4,41
2025-12-21 06:01:41,1.41,0.13,0.0,79092,845,730,70,4,41
2025-12-21 06:02:41,1.37,0.06,0.0,79092,845,730,70,4,41
2025-12-21 06:03:41,1.37,0.05,0.0,79092,845,730,70,4,41
2025-12-21 06:04:41,1.37,0.13,0.0,79092,845,730,70,4,41
2025-12-21 06:05:41,1.18,0.14,0.0,79092,845,730,70,4,41
2025-12-21 06:06:41,1.48,0.23,0.0,79092,845,730,70,4,41
2025-12-21 06:07:41,1.44,0.2,0.0,79092,845,730,70,4,41
2025-12-21 06:08:41,1.33,0.07,0.0,79092,845,730,70,4,41
2025-12-21 06:09:41,1.4,0.08,0.0,79092,845,730,70,4,41
2025-12-21 06:10:42,1.2,0.03,0.0,79092,845,730,70,4,41
2025-12-21 06:11:42,1.25,0.09,0.0,79092,845,730,70,4,41
2025-12-21 06:12:42,1.88,0.8,0.0,79092,845,730,70,4,41
2025-12-21 06:13:42,1.35,0.05,0.0,79092,845,730,70,4,41
2025-12-21 06:14:42,1.39,0.03,0.0,79092,845,730,70,4,41
2025-12-21 06:15:42,1.32,0.04,0.0,79092,845,730,70,4,41
2025-12-21 06:16:42,1.33,0.05,0.0,79092,845,730,70,4,41
2025-12-21 06:17:42,1.37,0.08,0.0,79092,845,730,70,4,41
2025-12-21 06:18:42,1.53,0.13,0.0,79092,845,730,70,4,41
2025-12-21 06:19:42,1.44,0.17,0.0,79092,845,730,70,4,41
2025-12-21 06:20:42,1.36,0.15,0.0,79092,845,730,70,4,41
2025-12-21 06:21:42,1.28,0.15,0.0,79092,845,730,70,4,41
2025-12-21 06:22:42,1.37,0.09,0.0,79092,845,730,70,4,41
2025-12-21 06:23:42,1.37,0.09,0.0,79092,845,730,70,4,41
2025-12-21 06:24:43,1.36,0.03,0.0,79092,845,730,70,4,41
2025-12-21 06:25:43,1.31,0.02,0.0,79092,845,730,70,4,41
2025-12-21 06:26:43,1.34,0.05,0.0,79092,845,730,70,4,41
2025-12-21 06:27:43,1.24,0.15,0.0,79092,845,730,70,4,41
2025-12-21 06:28:43,1.35,0.54,0.0,79092,845,730,70,4,41
2025-12-21 06:29:43,1.35,0.17,0.0,79092,845,730,70,4,41
2025-12-21 06:30:43,1.37,0.08,0.0,79092,845,730,70,4,41
2025-12-21 06:31:43,1.38,0.08,0.0,79092,845,730,70,4,41
2025-12-21 06:32:43,1.36,0.09,0.0,79092,845,730,70,4,41
2025-12-21 06:33:43,1.39,0.24,0.0,79092,845,730,70,4,41
2025-12-21 06:34:43,1.39,0.08,0.0,79092,845,730,70,4,41
2025-12-21 06:35:43,1.46,0.36,0.0,79092,845,730,70,4,41
2025-12-21 06:36:44,1.35,0.02,0.0,79092,845,730,70,4,41
2025-12-21 06:37:44,1.45,0.18,0.0,79092,845,730,70,4,41
2025-12-21 06:38:44,1.42,0.1,0.0,79092,845,730,70,4,41
2025-12-21 06:39:44,1.41,0.07,0.0,79092,845,730,70,4,41
2025-12-21 06:40:44,1.38,0.07,0.0,79092,845,730,70,4,41
2025-12-21 06:41:44,1.35,0.06,0.0,79092,845,730,70,4,41
2025-12-21 06:42:44,1.36,0.08,0.0,79092,845,730,70,4,41
2025-12-21 06:43:44,1.28,0.08,0.0,79092,845,730,70,4,41
2025-12-21 06:44:44,1.18,0.16,0.0,79092,845,730,70,4,41
2025-12-21 06:45:44,1.41,0.07,0.0,79092,845,730,70,4,41
2025-12-21 06:46:44,1.41,0.11,0.0,79092,845,730,70,4,41
2025-12-21 06:47:44,1.4,0.12,0.0,79092,845,730,70,4,41
2025-12-21 06:48:44,1.38,0.04,0.0,79092,845,730,70,4,41
2025-12-21 06:49:44,1.48,0.2,0.0,79092,845,730,70,4,41
2025-12-21 06:50:44,1.17,0.02,0.0,79092,845,730,70,4,41
2025-12-21 06:51:44,1.36,0.02,0.0,79092,845,730,70,4,41
2025-12-21 06:52:45,1.37,0.03,0.0,79092,845,730,70,4,41
2025-12-21 06:53:45,1.38,0.14,0.0,79092,845,730,70,4,41
2025-12-21 06:54:45,1.36,0.15,0.0,79092,845,730,70,4,41
2025-12-21 06:55:45,1.45,0.1,0.0,79092,845,730,70,4,41
2025-12-21 06:56:45,1.45,0.16,0.0,79092,845,730,70,4,41
2025-12-21 06:57:45,1.36,0.03,0.0,79092,845,730,70,4,41
2025-12-21 06:58:45,1.33,0.07,0.0,79092,845,730,70,4,41
2025-12-21 06:59:45,1.31,0.02,0.0,79092,845,730,70,4,41
2025-12-21 07:00:45,1.34,0.11,0.0,79092,845,730,70,4,41
2025-12-21 07:01:45,1.31,0.07,0.0,79092,845,730,70,4,41
2025-12-21 07:02:45,1.37,0.09,0.0,79092,845,730,70,4,41
2025-12-21 07:03:45,1.34,0.01,0.0,79092,845,730,70,4,41
2025-12-21 07:04:45,1.37,0.06,0.0,79092,845,730,70,4,41
2025-12-21 07:05:45,1.42,0.06,0.0,79092,845,730,70,4,41
2025-12-21 07:06:45,1.21,0.15,0.0,79092,845,730,70,4,41
2025-12-21 07:07:45,1.4,0.15,0.0,79092,845,730,70,4,41
2025-12-21 07:08:45,1.38,0.12,0.0,79092,845,730,70,4,41
2025-12-21 07:09:45,1.37,0.12,0.0,79092,845,730,70,4,41
2025-12-21 07:10:45,1.21,0.19,0.0,79092,845,730,70,4,41
2025-12-21 07:11:45,1.45,0.04,0.0,79092,845,730,70,4,41
2025-12-21 07:12:45,1.34,0.14,0.0,79092,845,730,70,4,41
2025-12-21 07:13:46,1.38,0.1,0.0,79092,845,730,70,4,41
2025-12-21 07:14:46,1.36,0.09,0.0,79092,845,730,70,4,41
2025-12-21 07:15:46,1.34,0.02,0.0,79092,845,730,70,4,41
2025-12-21 07:16:46,1.4,0.06,0.0,79092,845,730,70,4,41
2025-12-21 07:17:46,1.32,0.01,0.0,79092,845,730,70,4,41
2025-12-21 07:18:46,1.4,0.13,0.0,79092,845,730,70,4,41
2025-12-21 07:19:46,1.33,0.03,0.0,79092,845,730,70,4,41
2025-12-21 07:20:46,1.38,0.07,0.0,79092,845,730,70,4,41
2025-12-21 07:21:46,1.39,0.09,0.0,79092,845,730,70,4,41
2025-12-21 07:22:46,1.18,0.05,0.0,79092,845,730,70,4,41
2025-12-21 07:23:46,1.26,0.06,0.0,79092,845,730,70,4,41
2025-12-21 07:24:46,1.34,0.16,0.0,79092,845,730,70,4,41
2025-12-21 07:25:46,1.38,0.14,0.0,79092,845,730,70,4,41
2025-12-21 07:26:46,1.36,0.03,0.0,79092,845,730,70,4,41
2025-12-21 07:27:46,1.41,0.16,0.0,79092,845,730,70,4,41
2025-12-21 07:28:46,1.25,0.11,0.0,79092,845,730,70,4,41
2025-12-21 07:29:46,1.31,0.18,0.0,79092,845,730,70,4,41
2025-12-21 07:30:46,1.33,0.07,0.0,79092,845,730,70,4,41
2025-12-21 07:31:46,1.35,0.02,0.0,79092,845,730,70,4,41
2025-12-21 07:32:46,1.36,0.03,0.0,79092,845,730,70,4,41
2025-12-21 07:33:46,1.42,0.08,0.0,79092,845,730,70,4,41
2025-12-21 07:34:46,1.24,0.07,0.0,79092,845,730,70,4,41
2025-12-21 07:35:47,1.32,0.02,0.0,79092,845,730,70,4,41
2025-12-21 07:36:47,1.35,0.04,0.0,79092,845,730,70,4,41
2025-12-21 07:37:47,1.31,0.2,0.0,79092,845,730,70,4,41
2025-12-21 07:38:47,1.3,0.04,0.0,79092,845,730,70,4,41
2025-12-21 07:39:47,1.3,0.06,0.0,79092,845,730,70,4,41
2025-12-21 07:40:47,1.33,0.02,0.0,79092,845,730,70,4,41
2025-12-21 07:41:47,1.36,0.02,0.0,79092,845,730,70,4,41
2025-12-21 07:42:47,1.35,0.01,0.0,79092,845,730,70,4,41
2025-12-21 07:43:47,1.32,0.01,0.0,79092,845,730,70,4,41
2025-12-21 07:44:47,1.39,0.1,0.0,79092,845,730,70,4,41
2025-12-21 07:45:47,1.36,0.29,0.0,79092,845,730,70,4,41
2025-12-21 07:46:47,1.96,1.0,0.0,79092,845,730,70,4,41
2025-12-21 07:47:47,1.4,0.16,0.0,79092,845,730,70,4,41
2025-12-21 07:48:47,1.43,0.12,0.0,79092,845,730,70,4,41
2025-12-21 07:49:47,1.44,0.05,0.0,79092,845,730,70,4,41
2025-12-21 07:50:47,1.25,0.07,0.0,79092,845,730,70,4,41
2025-12-21 07:51:47,1.27,0.16,0.0,79092,845,730,70,4,41
2025-12-21 07:52:47,1.38,0.07,0.0,79092,845,730,70,4,41
2025-12-21 07:53:47,1.39,0.13,0.0,79092,845,730,70,4,41
2025-12-21 07:54:48,1.35,0.01,0.0,79092,845,730,70,4,41
2025-12-21 07:55:48,1.36,0.03,0.0,79092,845,730,70,4,41
2025-12-21 07:56:48,1.42,0.19,0.0,79092,845,730,70,4,41
2025-12-21 07:57:48,1.4,0.04,0.0,79092,845,730,70,4,41
2025-12-21 07:58:48,1.35,0.02,0.0,79092,845,730,70,4,41
2025-12-21 07:59:48,1.36,0.04,0.0,79092,845,730,70,4,41
2025-12-21 08:00:48,1.41,0.11,0.0,79092,845,730,70,4,41
2025-12-21 08:01:48,2.01,2.18,0.0,79092,845,730,70,4,41
2025-12-21 08:02:48,1.25,0.06,0.0,79092,845,730,70,4,41
2025-12-21 08:03:48,1.34,0.22,0.0,79092,845,730,70,4,41
2025-12-21 08:04:48,1.31,0.03,0.0,79092,845,730,70,4,41
2025-12-21 08:05:48,1.45,0.08,0.0,79092,845,730,70,4,41
2025-12-21 08:06:48,1.31,0.05,0.0,79092,845,730,70,4,41
2025-12-21 08:07:48,1.34,0.06,0.0,79092,845,730,70,4,41
2025-12-21 08:08:48,1.29,0.19,0.0,79092,845,730,70,4,41
2025-12-21 08:09:48,1.3,0.05,0.0,79092,845,730,70,4,41
2025-12-21 08:10:48,1.38,0.04,0.0,79092,845,730,70,4,41
2025-12-21 08:11:48,1.17,0.13,0.0,79092,845,730,70,4,41
2025-12-21 08:12:48,1.2,0.06,0.0,79092,845,730,70,4,41
2025-12-21 08:13:49,1.34,0.06,0.0,79092,845,730,70,4,41
2025-12-21 08:14:49,1.34,0.02,0.0,79092,845,730,70,4,41
2025-12-21 08:15:49,1.35,0.06,0.0,79092,845,730,70,4,41
2025-12-21 08:16:49,1.21,0.08,0.0,79092,845,730,70,4,41
2025-12-21 08:17:49,1.39,0.1,0.0,79092,845,730,70,4,41
2025-12-21 08:18:49,1.26,0.09,0.0,79092,845,730,70,4,41
2025-12-21 08:19:49,1.32,0.07,0.0,79092,845,730,70,4,41
2025-12-21 08:20:49,1.34,0.01,0.0,79092,845,730,70,4,41
2025-12-21 08:21:49,1.21,0.09,0.0,79092,845,730,70,4,41
2025-12-21 08:22:49,1.36,0.02,0.0,79092,845,730,70,4,41
2025-12-21 08:23:49,1.36,0.02,0.0,79092,845,730,70,4,41
2025-12-21 08:24:49,1.2,0.03,0.0,79092,845,730,70,4,41
2025-12-21 08:25:49,1.36,0.06,0.0,79092,845,730,70,4,41
2025-12-21 08:26:49,1.38,0.11,0.0,79092,845,730,70,4,41
2025-12-21 08:27:49,1.37,0.07,0.0,79092,845,730,70,4,41
2025-12-21 08:28:49,1.34,0.07,0.0,79092,845,730,70,4,41
2025-12-21 08:29:50,1.27,0.11,0.0,79092,845,730,70,4,41
2025-12-21 08:30:50,1.31,0.03,0.0,79092,845,730,70,4,41
2025-12-21 08:31:50,1.36,0.04,0.0,79092,845,730,70,4,41
2025-12-21 08:32:50,1.32,0.06,0.0,79092,845,730,70,4,41
2025-12-21 08:33:50,1.38,0.02,0.0,79092,845,730,70,4,41
2025-12-21 08:34:50,1.33,0.26,0.0,79092,845,730,70,4,41
2025-12-21 08:35:50,1.32,0.21,0.0,79092,845,730,70,4,41
2025-12-21 08:36:50,1.36,0.04,0.0,79092,845,730,70,4,41
2025-12-21 08:37:50,1.17,0.01,0.0,79092,845,730,70,4,41
2025-12-21 08:38:50,1.33,0.06,0.0,79092,845,730,70,4,41
2025-12-21 08:39:50,1.22,0.09,0.0,79092,845,730,70,4,41
2025-12-21 08:40:50,1.36,0.11,0.0,79092,845,730,70,4,41
2025-12-21 08:41:51,1.4,0.12,0.0,79092,845,730,70,4,41
2025-12-21 08:42:51,1.16,0.06,0.0,79092,845,730,70,4,41
2025-12-21 08:43:51,1.38,0.2,0.0,79092,845,730,70,4,41
2025-12-21 08:44:51,1.34,0.17,0.0,79092,845,730,70,4,41
2025-12-21 08:45:51,1.3,0.1,0.0,79092,845,730,70,4,41
2025-12-21 08:46:51,1.37,0.11,0.0,79092,845,730,70,4,41
2025-12-21 08:47:51,1.23,0.09,0.0,79092,845,730,70,4,41
2025-12-21 08:48:51,1.38,0.03,0.0,79092,845,730,70,4,41
2025-12-21 08:49:51,1.37,0.05,0.0,79092,845,730,70,4,41
2025-12-21 08:50:51,1.19,0.09,0.0,79092,845,730,70,4,41
2025-12-21 08:51:51,1.37,0.21,0.0,79092,845,730,70,4,41
2025-12-21 08:52:51,1.21,0.12,0.0,79092,845,730,70,4,41
2025-12-21 08:53:51,1.37,0.02,0.0,79092,845,730,70,4,41
2025-12-21 08:54:52,1.33,0.02,0.0,79092,845,730,70,4,41
2025-12-21 08:55:52,1.3,0.2,0.0,79092,845,730,70,4,41
2025-12-21 08:56:52,1.37,0.07,0.0,79092,845,730,70,4,41
2025-12-21 08:57:52,1.33,0.21,0.0,79092,845,730,70,4,41
2025-12-21 08:58:52,1.22,0.04,0.0,79092,845,730,70,4,41
2025-12-21 08:59:52,1.33,0.09,0.0,79092,845,730,70,4,41
2025-12-21 09:00:52,1.16,0.07,0.0,79092,845,730,70,4,41
2025-12-21 09:01:52,1.37,0.1,0.0,79092,845,730,70,4,41
2025-12-21 09:02:52,1.27,0.1,0.0,79092,845,730,70,4,41
2025-12-21 09:03:52,1.47,0.07,0.0,79092,845,730,70,4,41
2025-12-21 09:04:52,1.36,0.06,0.0,79092,845,730,70,4,41
2025-12-21 09:05:52,1.21,0.04,0.0,79092,845,730,70,4,41
2025-12-21 09:06:53,1.33,0.11,0.0,79092,845,730,70,4,41
2025-12-21 09:07:53,1.42,0.09,0.0,79092,845,730,70,4,41
2025-12-21 09:08:53,1.28,0.14,0.0,79092,845,730,70,4,41
2025-12-21 09:09:53,1.34,0.03,0.0,79092,845,730,70,4,41
2025-12-21 09:10:53,1.23,0.09,0.0,79092,845,730,70,4,41
2025-12-21 09:11:53,1.27,0.09,0.0,79092,845,730,70,4,41
2025-12-21 09:12:53,1.49,0.06,0.0,79092,845,730,70,4,41
2025-12-21 09:13:53,1.21,0.04,0.0,79092,845,730,70,4,41
2025-12-21 09:14:53,1.4,0.18,0.0,79092,845,730,70,4,41
2025-12-21 09:15:53,1.35,0.18,0.0,79092,845,730,70,4,41
2025-12-21 09:16:53,1.29,0.07,0.0,79092,845,730,70,4,41
2025-12-21 09:17:53,1.37,0.08,0.0,79092,845,730,70,4,41
2025-12-21 09:18:54,1.27,0.08,0.0,79092,845,730,70,4,41
2025-12-21 09:19:54,1.2,0.01,0.0,79092,845,730,70,4,41
2025-12-21 09:20:54,1.42,0.1,0.0,79092,845,730,70,4,41
2025-12-21 09:21:54,1.3,0.04,0.0,79092,845,730,70,4,41
2025-12-21 09:22:54,1.45,0.16,0.0,79092,845,730,70,4,41
2025-12-21 09:23:54,1.23,0.1,0.0,79092,845,730,70,4,41
2025-12-21 09:24:54,1.42,0.07,0.0,79092,845,730,70,4,41
2025-12-21 09:25:54,1.39,0.16,0.0,79092,845,730,70,4,41
2025-12-21 09:26:54,1.22,0.1,0.0,79092,845,730,70,4,41
2025-12-21 09:27:54,1.38,0.17,0.0,79092,845,730,70,4,41
2025-12-21 09:28:54,1.28,0.07,0.0,79092,845,730,70,4,41
2025-12-21 09:29:54,1.38,0.22,0.0,79092,845,730,70,4,41
2025-12-21 09:30:54,1.33,0.31,0.0,79092,845,730,70,4,41
2025-12-21 09:31:54,1.15,0.01,0.0,79092,845,730,70,4,41
2025-12-21 09:32:55,1.33,0.05,0.0,79092,845,730,70,4,41
2025-12-21 09:33:55,1.31,0.1,0.0,79092,845,730,70,4,41
2025-12-21 09:34:55,1.25,0.11,0.0,79092,845,730,70,4,41
2025-12-21 09:35:55,1.32,0.13,0.0,79092,845,730,70,4,41
2025-12-21 09:36:55,1.18,0.01,0.0,79092,845,730,70,4,41
2025-12-21 09:37:55,1.35,0.06,0.0,79092,845,730,70,4,41
2025-12-21 09:38:55,1.35,0.06,0.0,79092,845,730,70,4,41
2025-12-21 09:39:55,1.19,0.03,0.0,79092,845,730,70,4,41
2025-12-21 09:40:55,1.32,0.07,0.0,79092,845,730,70,4,41
2025-12-21 09:41:55,1.2,0.08,0.0,79092,845,730,70,4,41
2025-12-21 09:42:55,1.29,0.08,0.0,79092,845,730,70,4,41
2025-12-21 09:43:55,1.32,0.01,0.0,79092,845,730,70,4,41
2025-12-21 09:44:56,1.17,0.03,0.0,79092,845,730,70,4,41
2025-12-21 09:45:56,1.35,0.03,0.0,79092,845,730,70,4,41
2025-12-21 09:46:56,1.25,0.06,0.0,79092,845,730,70,4,41
2025-12-21 09:47:56,1.35,0.07,0.0,79092,845,730,70,4,41
2025-12-21 09:48:56,1.38,0.04,0.0,79092,845,730,70,4,41
2025-12-21 09:49:56,1.21,0.08,0.0,79092,845,730,70,4,41
2025-12-21 09:50:56,1.36,0.07,0.0,79092,845,730,70,4,41
2025-12-21 09:51:56,1.37,0.06,0.0,79092,845,730,70,4,41
2025-12-21 09:52:56,1.24,0.06,0.0,79092,845,730,70,4,41
2025-12-21 09:53:56,1.23,0.1,0.0,79092,845,730,70,4,41
2025-12-21 09:54:56,1.25,0.12,0.0,79092,845,730,70,4,41
2025-12-21 09:55:56,1.55,0.55,0.0,79092,845,730,70,4,41
2025-12-21 09:56:57,1.34,0.02,0.0,79092,845,730,70,4,41
2025-12-21 09:57:57,1.38,0.07,0.0,79092,845,730,70,4,41
2025-12-21 09:58:57,1.38,0.11,0.0,79092,845,730,70,4,41
2025-12-21 09:59:57,1.44,0.15,0.0,79092,845,730,70,4,41
2025-12-21 10:00:57,1.33,0.27,0.0,79092,845,730,70,4,41
2025-12-21 10:01:57,1.37,0.1,0.0,79092,845,730,70,4,41
2025-12-21 10:02:57,1.27,0.1,0.0,79092,845,730,70,4,41
2025-12-21 10:03:57,1.36,0.06,0.0,79092,845,730,70,4,41
2025-12-21 10:04:57,1.38,0.16,0.0,79092,845,730,70,4,41
2025-12-21 10:05:57,1.2,0.05,0.0,79092,845,730,70,4,41
2025-12-21 10:06:57,1.21,0.08,0.0,79092,845,730,70,4,41
2025-12-21 10:07:57,1.27,0.1,0.0,79092,845,730,70,4,41
2025-12-21 10:08:58,1.49,0.09,0.0,79092,845,730,70,4,41
2025-12-21 10:09:58,1.41,0.08,0.0,79092,845,730,70,4,41
2025-12-21 10:10:58,1.24,0.06,0.0,79092,845,730,70,4,41
2025-12-21 10:11:58,1.42,0.03,0.0,79092,845,730,70,4,41
2025-12-21 10:12:58,1.27,0.14,0.0,79092,845,730,70,4,41
2025-12-21 10:13:58,1.22,0.07,0.0,79092,845,730,70,4,41
2025-12-21 10:14:58,1.26,0.06,0.0,79092,845,730,70,4,41
2025-12-21 10:15:58,1.25,0.13,0.0,79092,845,730,70,4,41
2025-12-21 10:16:58,1.39,0.07,0.0,79092,845,730,70,4,41
2025-12-21 10:17:58,1.28,0.13,0.0,79092,845,730,70,4,41
2025-12-21 10:18:58,1.26,0.07,0.0,79092,845,730,70,4,41
2025-12-21 10:19:58,1.35,0.02,0.0,79092,845,730,70,4,41
2025-12-21 10:20:58,1.23,0.14,0.0,79092,845,730,70,4,41
2025-12-21 10:21:59,1.39,0.08,0.0,79092,845,730,70,4,41
2025-12-21 10:22:59,1.36,0.09,0.0,79092,845,730,70,4,41
2025-12-21 10:23:59,1.24,0.15,0.0,79092,845,730,70,4,41
2025-12-21 10:24:59,1.28,0.16,0.0,79092,845,730,70,4,41
2025-12-21 10:25:59,1.26,0.13,0.0,79092,845,730,70,4,41
2025-12-21 10:26:59,1.33,0.06,0.0,79092,845,730,70,4,41
2025-12-21 10:27:59,1.34,0.04,0.0,79092,845,730,70,4,41
2025-12-21 10:28:59,1.18,0.03,0.0,79092,845,730,70,4,41
2025-12-21 10:29:59,1.23,0.05,0.0,79092,845,730,70,4,41
2025-12-21 10:30:59,1.23,0.12,0.0,79092,845,730,70,4,41
2025-12-21 10:31:59,1.32,0.04,0.0,79092,845,730,70,4,41
2025-12-21 10:32:59,1.34,0.03,0.0,79092,845,730,70,4,41
2025-12-21 10:33:59,1.22,0.1,0.0,79092,845,730,70,4,41
2025-12-21 10:35:00,1.35,0.03,0.0,79092,845,730,70,4,41
2025-12-21 10:36:00,1.16,0.03,0.0,79092,845,730,70,4,41
2025-12-21 10:37:00,1.23,0.09,0.0,79092,845,730,70,4,41
2025-12-21 10:38:00,1.29,0.05,0.0,79092,845,730,70,4,41
2025-12-21 10:39:00,1.17,0.05,0.0,79092,845,730,70,4,41
2025-12-21 10:40:00,1.4,0.13,0.0,79092,845,730,70,4,41
2025-12-21 10:41:00,1.36,0.04,0.0,79092,845,730,70,4,41
2025-12-21 10:42:00,1.21,0.09,0.0,79092,845,730,70,4,41
2025-12-21 10:43:00,1.43,0.15,0.0,79092,845,730,70,4,41
2025-12-21 10:44:00,1.4,0.12,0.0,79092,845,730,70,4,41
2025-12-21 10:45:00,1.33,0.02,0.0,79092,845,730,70,4,41
2025-12-21 10:46:00,1.4,0.09,0.0,79092,845,730,70,4,41
2025-12-21 10:47:01,1.25,0.13,0.0,79092,845,730,70,4,41
2025-12-21 10:48:01,1.4,0.06,0.0,79092,845,730,70,4,41
2025-12-21 10:49:01,1.49,0.32,0.0,79092,845,730,70,4,41
2025-12-21 10:50:01,1.3,0.09,0.0,79092,845,730,70,4,41
2025-12-21 10:51:01,1.4,0.11,0.0,79092,845,730,70,4,41
2025-12-21 10:52:01,1.18,0.03,0.0,79092,845,730,70,4,41
2025-12-21 10:53:01,1.37,0.07,0.0,79092,845,730,70,4,41
2025-12-21 10:54:01,1.39,0.12,0.0,79092,845,730,70,4,41
2025-12-21 10:55:01,1.26,0.12,0.0,79092,845,730,70,4,41
2025-12-21 10:56:01,1.42,0.12,0.0,79092,845,730,70,4,41
2025-12-21 10:57:01,1.32,0.0,0.0,79092,845,730,70,4,41
2025-12-21 10:58:01,1.22,0.1,0.0,79092,845,730,70,4,41
2025-12-21 10:59:01,1.23,0.08,0.0,79092,845,730,70,4,41
2025-12-21 11:00:02,1.22,0.12,0.0,79092,845,730,70,4,41
2025-12-21 11:01:02,1.43,0.17,0.0,79092,845,730,70,4,41
2025-12-21 11:02:02,1.19,0.02,0.0,79092,845,730,70,4,41
2025-12-21 11:03:02,1.17,0.0,0.0,79092,845,730,70,4,41
2025-12-21 11:04:02,1.23,0.11,0.0,79092,845,730,70,4,41
2025-12-21 11:05:02,1.21,0.05,0.0,79092,845,730,70,4,41
2025-12-21 11:06:02,1.37,0.18,0.0,79092,845,730,70,4,41
2025-12-21 11:07:02,1.35,0.07,0.0,79092,845,730,70,4,41
2025-12-21 11:08:02,1.23,0.08,0.0,79092,845,730,70,4,41
2025-12-21 11:09:02,1.16,0.04,0.0,79092,845,730,70,4,41
2025-12-21 11:10:02,1.18,0.08,0.0,79092,845,730,70,4,41
2025-12-21 11:11:02,1.36,0.09,0.0,79092,845,730,70,4,41
2025-12-21 11:12:02,1.32,0.01,0.0,79092,845,730,70,4,41
2025-12-21 11:13:02,1.12,0.04,0.0,79092,845,730,70,4,41
2025-12-21 11:14:02,1.23,0.11,0.0,79092,845,730,70,4,41
2025-12-21 11:15:02,1.16,0.04,0.0,79092,845,730,70,4,41
2025-12-21 11:16:02,1.32,0.02,0.0,79092,845,730,70,4,41
2025-12-21 11:17:02,1.32,0.15,0.0,79092,845,730,70,4,41
2025-12-21 11:18:02,1.34,0.12,0.0,79092,845,730,70,4,41
2025-12-21 11:19:02,1.37,0.07,0.0,79092,845,730,70,4,41
2025-12-21 11:20:03,1.19,0.04,0.0,79092,845,730,70,4,41
2025-12-21 11:21:03,1.28,0.08,0.0,79092,845,730,70,4,41
2025-12-21 11:22:03,1.39,0.18,0.0,79092,845,730,70,4,41
2025-12-21 11:23:03,1.32,0.11,0.0,79092,845,730,70,4,41
2025-12-21 11:24:03,1.37,0.01,0.0,79092,845,730,70,4,41
2025-12-21 11:25:03,1.21,0.06,0.0,79092,845,730,70,4,41
2025-12-21 11:26:03,1.24,0.09,0.0,79092,845,730,70,4,41
2025-12-21 11:27:03,1.36,0.03,0.0,79092,845,730,70,4,41
2025-12-21 11:28:03,1.31,0.14,0.0,79092,845,730,70,4,41
2025-12-21 11:29:03,1.34,0.11,0.0,79092,845,730,70,4,41
2025-12-21 11:30:03,1.43,0.1,0.0,79092,845,730,70,4,41
2025-12-21 11:31:03,1.23,0.18,0.0,79092,845,730,70,4,41
2025-12-21 11:32:03,1.3,0.04,0.0,79092,845,730,70,4,41
2025-12-21 11:33:03,1.34,0.06,0.0,79092,845,730,70,4,41
2025-12-21 11:34:03,1.25,0.09,0.0,79092,845,730,70,4,41
2025-12-21 11:35:03,1.36,0.07,0.0,79092,845,730,70,4,41
2025-12-21 11:36:03,1.26,0.12,0.0,79092,845,730,70,4,41
2025-12-21 11:37:03,1.36,0.06,0.0,79092,845,730,70,4,41
2025-12-21 11:38:03,1.32,0.16,0.0,79092,845,730,70,4,41
2025-12-21 11:39:04,1.21,0.09,0.0,79092,845,730,70,4,41
2025-12-21 11:40:04,1.31,0.06,0.0,79092,845,730,70,4,41
2025-12-21 11:41:04,1.37,0.1,0.0,79092,845,730,70,4,41
2025-12-21 11:42:04,1.52,0.58,0.0,79092,845,730,70,4,41
2025-12-21 11:43:04,1.38,0.07,0.0,79092,845,730,70,4,41
2025-12-21 11:44:04,1.27,0.09,0.0,79092,845,730,70,4,41
2025-12-21 11:45:04,1.35,0.11,0.0,79092,845,730,70,4,41
2025-12-21 11:46:04,1.93,1.68,0.0,79092,845,730,70,4,41
2025-12-21 11:47:04,1.43,0.07,0.0,79092,845,730,70,4,41
2025-12-21 11:48:04,1.34,0.03,0.0,79092,845,730,70,4,41
2025-12-21 11:49:04,1.31,0.17,0.0,79092,845,730,70,4,41
2025-12-21 11:50:04,1.51,0.33,0.0,79092,845,730,70,4,41
2025-12-21 11:51:04,1.42,0.12,0.0,79092,845,730,70,4,41
2025-12-21 11:52:04,1.22,0.03,0.0,79092,845,730,70,4,41
2025-12-21 11:53:04,1.23,0.08,0.0,79092,845,730,70,4,41
2025-12-21 11:54:04,1.34,0.07,0.0,79092,845,730,70,4,41
2025-12-21 11:55:04,1.38,0.06,0.0,79092,845,730,70,4,41
2025-12-21 11:56:04,1.4,0.12,0.0,79092,845,730,70,4,41
2025-12-21 11:57:04,1.28,0.14,0.0,79092,845,730,70,4,41
2025-12-21 11:58:05,1.32,0.03,0.0,79092,845,730,70,4,41
2025-12-21 11:59:05,1.22,0.08,0.0,79092,845,730,70,4,41
2025-12-21 12:00:05,1.32,0.04,0.0,79092,845,730,70,4,41
2025-12-21 12:01:05,1.31,0.03,0.0,79092,845,730,70,4,41
2025-12-21 12:02:05,1.24,0.09,0.0,79092,845,730,70,4,41
2025-12-21 12:03:05,1.16,0.09,0.0,79092,845,730,70,4,41
2025-12-21 12:04:05,1.34,0.06,0.0,79092,845,730,70,4,41
2025-12-21 12:05:05,1.3,0.19,0.0,79092,845,730,70,4,41
2025-12-21 12:06:05,1.36,0.05,0.0,79092,845,730,70,4,41
2025-12-21 12:07:05,1.26,0.07,0.0,79092,845,730,70,4,41
2025-12-21 12:08:05,1.37,0.11,0.0,79092,845,730,70,4,41
2025-12-21 12:09:05,1.25,0.06,0.0,79092,845,730,70,4,41
2025-12-21 12:10:05,1.22,0.02,0.0,79092,845,730,70,4,41
2025-12-21 12:11:05,1.34,0.02,0.0,79092,845,730,70,4,41
2025-12-21 12:12:05,1.35,0.06,0.0,79092,845,730,70,4,41
2025-12-21 12:13:05,1.44,0.16,0.0,79092,845,730,70,4,41
2025-12-21 12:14:05,1.24,0.03,0.0,79092,845,730,70,4,41
2025-12-21 12:15:06,1.35,0.11,0.0,79092,845,730,70,4,41
2025-12-21 12:16:06,1.38,0.09,0.0,79092,845,730,70,4,41
2025-12-21 12:17:06,1.31,0.05,0.0,79092,845,730,70,4,41
2025-12-21 12:18:06,1.32,0.01,0.0,79092,845,730,70,4,41
2025-12-21 12:19:06,1.34,0.07,0.0,79092,845,730,70,4,41
2025-12-21 12:20:06,1.35,0.25,0.0,79092,845,730,70,4,41
2025-12-21 12:21:06,1.36,0.06,0.0,79092,845,730,70,4,41
2025-12-21 12:22:06,1.42,0.07,0.0,79092,845,730,70,4,41
2025-12-21 12:23:06,1.2,0.02,0.0,79092,845,730,70,4,41
2025-12-21 12:24:06,1.35,0.08,0.0,79092,845,730,70,4,41
2025-12-21 12:25:06,1.24,0.07,0.0,79092,845,730,70,4,41
2025-12-21 12:26:06,1.33,0.01,0.0,79092,845,730,70,4,41
2025-12-21 12:27:06,1.38,0.04,0.0,79092,845,730,70,4,41
2025-12-21 12:28:06,1.2,0.21,0.0,79092,845,730,70,4,41
2025-12-21 12:29:07,1.4,0.05,0.0,79092,845,730,70,4,41
2025-12-21 12:30:07,1.19,0.02,0.0,79092,845,730,70,4,41
2025-12-21 12:31:07,1.28,0.05,0.0,79092,845,730,70,4,41
2025-12-21 12:32:07,1.34,0.02,0.0,79092,845,730,70,4,41
2025-12-21 12:33:07,1.66,0.77,0.0,79092,845,730,70,4,41
2025-12-21 12:34:07,1.41,0.05,0.0,79092,845,730,70,4,41
2025-12-21 12:35:07,1.2,0.02,0.0,79092,845,730,70,4,41
2025-12-21 12:36:07,1.22,0.14,0.0,79092,845,730,70,4,41
2025-12-21 12:37:07,1.38,0.13,0.0,79092,845,730,70,4,41
2025-12-21 12:38:07,1.29,0.09,0.0,79092,845,730,70,4,41
2025-12-21 12:39:07,1.39,0.07,0.0,79092,845,730,70,4,41
2025-12-21 12:40:07,1.4,0.08,0.0,79092,845,730,70,4,41
2025-12-21 12:41:08,1.24,0.05,0.0,79092,845,730,70,4,41
2025-12-21 12:42:08,1.38,0.13,0.0,79092,845,730,70,4,41
2025-12-21 12:43:08,1.39,0.09,0.0,79092,845,730,70,4,41
2025-12-21 12:44:08,1.32,0.14,0.0,79092,845,730,70,4,41
2025-12-21 12:45:08,1.36,0.01,0.0,79092,845,730,70,4,41
2025-12-21 12:46:08,1.19,0.3,0.0,79092,845,730,70,4,41
2025-12-21 12:47:08,1.44,0.03,0.0,79092,845,730,70,4,41
2025-12-21 12:48:08,1.23,0.07,0.0,79092,845,730,70,4,41
2025-12-21 12:49:08,1.35,0.12,0.0,79092,845,730,70,4,41
2025-12-21 12:50:08,1.34,0.07,0.0,79092,845,730,70,4,41
2025-12-21 12:51:08,1.35,0.17,0.0,79092,845,730,70,4,41
2025-12-21 12:52:08,1.3,0.1,0.0,79092,845,730,70,4,41
2025-12-21 12:53:09,1.44,0.07,0.0,79092,845,730,70,4,41
2025-12-21 12:54:09,1.26,0.04,0.0,79092,845,730,70,4,41
2025-12-21 12:55:09,1.38,0.06,0.0,79092,845,730,70,4,41
2025-12-21 12:56:09,1.34,0.04,0.0,79092,845,730,70,4,41
2025-12-21 12:57:09,1.19,0.09,0.0,79092,845,730,70,4,41
2025-12-21 12:58:09,1.37,0.04,0.0,79092,845,730,70,4,41
2025-12-21 12:59:09,1.2,0.06,0.0,79092,845,730,70,4,41
2025-12-21 13:00:09,1.6,0.32,0.0,79092,845,730,70,4,41
2025-12-21 13:01:09,1.27,0.35,0.0,79092,845,730,70,4,41
2025-12-21 13:02:09,1.53,0.5,0.0,79092,845,730,70,4,41
2025-12-21 13:03:09,1.44,0.15,0.0,79092,845,730,70,4,41
2025-12-21 13:04:10,1.3,0.11,0.0,79092,845,730,70,4,41
2025-12-21 13:05:10,1.49,0.15,0.0,79092,845,730,70,4,41
2025-12-21 13:06:10,1.38,0.07,0.0,79092,845,730,70,4,41
2025-12-21 13:07:10,1.19,0.02,0.0,79092,845,730,70,4,41
2025-12-21 13:08:10,1.96,0.97,0.0,79092,845,730,70,4,41
2025-12-21 13:09:10,1.35,0.33,0.0,79092,845,730,70,4,41
2025-12-21 13:10:10,1.33,0.11,0.0,79092,845,730,70,4,41
2025-12-21 13:11:10,1.3,0.11,0.0,79092,845,730,70,4,41
2025-12-21 13:12:10,1.21,0.07,0.0,79092,845,730,70,4,41
2025-12-21 13:13:10,1.33,0.1,0.0,79092,845,730,70,4,41
2025-12-21 13:14:10,1.34,0.05,0.0,79092,845,730,70,4,41
2025-12-21 13:15:10,1.16,0.03,0.0,79092,845,730,70,4,41
2025-12-21 13:16:11,1.37,0.03,0.0,79092,845,730,70,4,41
2025-12-21 13:17:11,1.27,0.12,0.0,79092,845,730,70,4,41
2025-12-21 13:18:11,1.28,0.13,0.0,79092,845,730,70,4,41
2025-12-21 13:19:11,1.41,0.14,0.0,79092,845,730,70,4,41
2025-12-21 13:20:11,1.23,0.07,0.0,79092,845,730,70,4,41
2025-12-21 13:21:11,1.22,0.08,0.0,79092,845,730,70,4,41
2025-12-21 13:22:11,1.33,0.1,0.0,79092,845,730,70,4,41
2025-12-21 13:23:11,1.2,0.09,0.0,79092,845,730,70,4,41
2025-12-21 13:24:11,1.36,0.08,0.0,79092,845,730,70,4,41
2025-12-21 13:25:11,1.19,0.06,0.0,79092,845,730,70,4,41
2025-12-21 13:26:11,1.32,0.07,0.0,79092,845,730,70,4,41
2025-12-21 13:27:11,1.19,0.09,0.0,79092,845,730,70,4,41
2025-12-21 13:28:12,1.25,0.07,0.0,79092,845,730,70,4,41
2025-12-21 13:29:12,1.31,0.01,0.0,79092,845,730,70,4,41
2025-12-21 13:30:12,1.21,0.16,0.0,79092,845,730,70,4,41
2025-12-21 13:31:12,1.37,0.09,0.0,79092,845,730,70,4,41
2025-12-21 13:32:12,1.25,0.07,0.0,79092,845,730,70,4,41
2025-12-21 13:33:12,1.21,0.02,0.0,79092,845,730,70,4,41
2025-12-21 13:34:12,1.33,0.02,0.0,79092,845,730,70,4,41
2025-12-21 13:35:12,1.23,0.16,0.0,79092,845,730,70,4,41
2025-12-21 13:36:12,1.29,0.09,0.0,79092,845,730,70,4,41
2025-12-21 13:37:12,1.16,0.08,0.0,79092,845,730,70,4,41
2025-12-21 13:38:12,1.33,0.08,0.0,79092,845,730,70,4,41
2025-12-21 13:39:12,1.36,0.04,0.0,79092,845,730,70,4,41
2025-12-21 13:40:13,2.23,2.86,0.0,79092,845,730,70,4,41
2025-12-21 13:41:13,1.21,0.03,0.0,79092,845,730,70,4,41
2025-12-21 13:42:13,1.36,0.02,0.0,79092,845,730,70,4,41
2025-12-21 13:43:13,1.15,0.08,0.0,79092,845,730,70,4,41
2025-12-21 13:44:13,1.32,0.03,0.0,79092,845,730,70,4,41
2025-12-21 13:45:13,1.3,0.07,0.0,79092,845,730,70,4,41
2025-12-21 13:46:13,1.21,0.11,0.0,79092,845,730,70,4,41
2025-12-21 13:47:13,1.36,0.07,0.0,79092,845,730,70,4,41
2025-12-21 13:48:13,1.16,0.04,0.0,79092,845,730,70,4,41
2025-12-21 13:49:13,1.37,0.05,0.0,79092,845,730,70,4,41
2025-12-21 13:50:13,1.38,0.06,0.0,79092,845,730,70,4,41
2025-12-21 13:51:14,1.18,0.11,0.0,79092,845,730,70,4,41
2025-12-21 13:52:14,1.33,0.07,0.0,79092,845,730,70,4,41
2025-12-21 13:53:14,1.21,0.08,0.0,79092,845,730,70,4,41
2025-12-21 13:54:14,1.16,0.06,0.0,79092,845,730,70,4,41
2025-12-21 13:55:14,1.16,0.11,0.0,79092,845,730,70,4,41
2025-12-21 13:56:14,1.19,0.08,0.0,79092,845,730,70,4,41
2025-12-21 13:57:14,1.33,0.07,0.0,79092,845,730,70,4,41
2025-12-21 13:58:14,1.26,0.11,0.0,79092,845,730,70,4,41
2025-12-21 13:59:14,1.26,0.08,0.0,79092,845,730,70,4,41
2025-12-21 14:00:14,1.4,0.11,0.0,79092,845,730,70,4,41
2025-12-21 14:01:14,1.26,0.07,0.0,79092,845,730,70,4,41
2025-12-21 14:02:15,1.37,0.06,0.0,79092,845,730,70,4,41
2025-12-21 14:03:15,1.38,0.06,0.0,79092,845,730,70,4,41
2025-12-21 14:04:15,1.34,0.12,0.0,79092,845,730,70,4,41
2025-12-21 14:05:15,1.35,0.02,0.0,79092,845,730,70,4,41
2025-12-21 14:06:15,1.22,0.06,0.0,79092,845,730,70,4,41
2025-12-21 14:07:15,1.29,0.09,0.0,79092,845,730,70,4,41
2025-12-21 14:08:15,1.37,0.03,0.0,79092,845,730,70,4,41
2025-12-21 14:09:15,1.18,0.05,0.0,79092,845,730,70,4,41
2025-12-21 14:10:15,1.16,0.04,0.0,79092,845,730,70,4,41
2025-12-21 14:11:15,1.76,1.44,0.0,79092,845,730,70,4,41
2025-12-21 14:12:15,1.21,0.1,0.0,79092,845,730,70,4,41
2025-12-21 14:13:15,1.3,0.1,0.0,79092,845,730,70,4,41
2025-12-21 14:14:16,1.21,0.14,0.0,79092,845,730,70,4,41
2025-12-21 14:15:16,1.26,0.07,0.0,79092,845,730,70,4,41
2025-12-21 14:16:16,1.23,0.07,0.0,79092,845,730,70,4,41
2025-12-21 14:17:16,1.18,0.08,0.0,79092,845,730,70,4,41
2025-12-21 14:18:16,1.39,0.13,0.0,79092,845,730,70,4,41
2025-12-21 14:19:16,1.18,0.05,0.0,79092,845,730,70,4,41
2025-12-21 14:20:16,1.35,0.16,0.0,79092,845,730,70,4,41
2025-12-21 14:21:16,1.23,0.12,0.0,79092,845,730,70,4,41
2025-12-21 14:22:16,1.19,0.05,0.0,79092,845,730,70,4,41
2025-12-21 14:23:16,1.37,0.03,0.0,79092,845,730,70,4,41
2025-12-21 14:24:16,1.25,0.06,0.0,79092,845,730,70,4,41
2025-12-21 14:25:16,1.25,0.07,0.0,79092,845,730,70,4,41
2025-12-21 14:26:17,1.27,0.11,0.0,79092,845,730,70,4,41
2025-12-21 14:27:17,1.22,0.07,0.0,79092,845,730,70,4,41
2025-12-21 14:28:17,1.35,0.02,0.0,79092,845,730,70,4,41
2025-12-21 14:29:17,1.36,0.04,0.0,79092,845,730,70,4,41
2025-12-21 14:30:17,1.44,0.03,0.0,79092,845,730,70,4,41
2025-12-21 14:31:17,1.35,0.06,0.0,79092,845,730,70,4,41
2025-12-21 14:32:17,1.21,0.08,0.0,79092,845,730,70,4,41
2025-12-21 14:33:17,1.39,0.09,0.0,79092,845,730,70,4,41
2025-12-21 14:34:17,1.25,0.29,0.0,79092,845,730,70,4,41
2025-12-21 14:35:17,1.23,0.09,0.0,79092,845,730,70,4,41
2025-12-21 14:36:17,1.28,0.24,0.0,79092,845,730,70,4,41
2025-12-21 14:37:18,1.23,0.11,0.0,79092,845,730,70,4,41
2025-12-21 14:38:18,1.27,0.1,0.0,79092,845,730,70,4,41
2025-12-21 14:39:18,1.49,0.01,0.0,79092,845,730,70,4,41
2025-12-21 14:40:18,1.26,0.1,0.0,79092,845,730,70,4,41
2025-12-21 14:41:18,1.21,0.02,0.0,79092,845,730,70,4,41
2025-12-21 14:42:18,1.39,0.07,0.0,79092,845,730,70,4,41
2025-12-21 14:43:18,1.24,0.16,0.0,79092,845,730,70,4,41
2025-12-21 14:44:18,1.44,0.18,0.0,79092,845,730,70,4,41
2025-12-21 14:45:18,1.44,0.01,0.0,79092,845,730,70,4,41
2025-12-21 14:46:18,1.25,0.1,0.0,79092,845,730,70,4,41
2025-12-21 14:47:18,1.21,0.11,0.0,79092,845,730,70,4,41
2025-12-21 14:48:18,1.36,0.17,0.0,79092,845,730,70,4,41
2025-12-21 14:49:19,1.32,0.2,0.0,79092,845,730,70,4,41
2025-12-21 14:50:19,1.21,0.01,0.0,79092,845,730,70,4,41
2025-12-21 14:51:19,1.44,0.06,0.0,79092,845,730,70,4,41
2025-12-21 14:52:19,1.26,0.08,0.0,79092,845,730,70,4,41
2025-12-21 14:53:19,1.18,0.08,0.0,79092,845,730,70,4,41
2025-12-21 14:54:19,1.44,0.06,0.0,79092,845,730,70,4,41
2025-12-21 14:55:19,1.38,0.05,0.0,79092,845,730,70,4,41
2025-12-21 14:56:19,1.3,0.13,0.0,79092,845,730,70,4,41
2025-12-21 14:57:19,1.18,0.02,0.0,79092,845,730,70,4,41
2025-12-21 14:58:19,1.37,0.1,0.0,79092,845,730,70,4,41
2025-12-21 14:59:20,1.39,0.17,0.0,79092,845,730,70,4,41
2025-12-21 15:00:20,1.4,0.06,0.0,79092,845,730,70,4,41
2025-12-21 15:01:20,1.27,0.14,0.0,79092,845,730,70,4,41
2025-12-21 15:02:20,1.15,0.08,0.0,79092,845,730,70,4,41
2025-12-21 15:03:20,1.38,0.12,0.0,79092,845,730,70,4,41
2025-12-21 15:04:20,1.45,0.15,0.0,79092,845,730,70,4,41
2025-12-21 15:05:20,1.32,0.1,0.0,79092,845,730,70,4,41
2025-12-21 15:06:20,1.23,0.04,0.0,79092,845,730,70,4,41
2025-12-21 15:07:20,1.39,0.11,0.0,79092,845,730,70,4,41
2025-12-21 15:08:20,1.34,0.08,0.0,79092,845,730,70,4,41
2025-12-21 15:09:20,2.08,2.05,0.0,79092,845,730,70,4,41
2025-12-21 15:10:20,1.49,0.31,0.0,79092,845,730,70,4,41
2025-12-21 15:11:21,1.4,0.15,0.0,79092,845,730,70,4,41
2025-12-21 15:12:21,1.52,0.25,0.0,79092,845,730,70,4,41
2025-12-21 15:13:21,1.35,0.06,0.0,79092,845,730,70,4,41
2025-12-21 15:14:21,1.27,0.15,0.0,79092,845,730,70,4,41
2025-12-21 15:15:21,1.61,0.22,0.0,79092,845,730,70,4,41
2025-12-21 15:16:21,1.35,0.03,0.0,79092,845,730,70,4,41
2025-12-21 15:17:21,1.34,0.01,0.0,79092,845,730,70,4,41
2025-12-21 15:18:21,1.36,0.09,0.0,79092,845,730,70,4,41
2025-12-21 15:19:21,1.35,0.23,0.0,79092,845,730,70,4,41
2025-12-21 15:20:21,1.4,0.05,0.0,79092,845,730,70,4,41
2025-12-21 15:21:21,1.53,0.39,0.0,79092,845,730,70,4,41
2025-12-21 15:22:22,1.39,0.04,0.0,79092,845,730,70,4,41
2025-12-21 15:23:22,1.43,0.07,0.0,79092,845,730,70,4,41
2025-12-21 15:24:22,1.38,0.05,0.0,79092,845,730,70,4,41
2025-12-21 15:25:22,1.39,0.03,0.0,79092,845,730,70,4,41
2025-12-21 15:26:22,1.41,0.1,0.0,79092,845,730,70,4,41
2025-12-21 15:27:22,1.54,0.29,0.0,79092,845,730,70,4,41
2025-12-21 15:28:22,1.32,0.05,0.0,79092,845,730,70,4,41
2025-12-21 15:29:22,1.16,0.02,0.0,79092,845,730,70,4,41
2025-12-21 15:30:22,1.28,0.24,0.0,79092,845,730,70,4,41
2025-12-21 15:31:22,1.32,0.17,0.0,79092,845,730,70,4,41
2025-12-21 15:32:22,1.37,0.33,0.0,79092,845,730,70,4,41
2025-12-21 15:33:22,1.38,0.17,0.0,79092,845,730,70,4,41
2025-12-21 15:34:22,1.42,0.07,0.0,79092,845,730,70,4,41
2025-12-21 15:35:22,1.21,0.01,0.0,79092,845,730,70,4,41
2025-12-21 15:36:23,1.27,0.08,0.0,79092,845,730,70,4,41
2025-12-21 15:37:23,1.46,0.12,0.0,79092,845,730,70,4,41
2025-12-21 15:38:23,1.29,0.17,0.0,79092,845,730,70,4,41
2025-12-21 15:39:23,1.39,0.13,0.0,79092,845,730,70,4,41
