timestamp,total_packets,tcp,udp,icmp,other,total_bytes
2025-11-03 22:17:06,bridge0,326,302,14,0,10,94565
2025-11-03 22:18:16,bridge0,3257,18,3229,0,10,1872134
2025-11-03 22:19:26,bridge0,3767,193,3568,0,6,2160096
2025-11-03 22:20:36,bridge0,3149,72,3063,0,14,1773170
2025-11-05 10:31:02,bridge0,0,0,0,0,0,0
2025-11-05 10:32:12,bridge0,0,0,0,0,0,0
2025-11-05 10:33:22,bridge0,0,0,0,0,0,0
2025-11-05 10:34:33,bridge0,0,0,0,0,0,0
2025-11-05 10:38:22,bridge0,0,0,0,0,0,0
2025-11-05 10:39:32,bridge0,0,0,0,0,0,0
2025-11-05 10:40:42,bridge0,0,0,0,0,0,0
2025-11-05 10:41:52,bridge0,0,0,0,0,0,0
2025-11-05 10:43:02,bridge0,0,0,0,0,0,0
2025-11-05 10:44:12,bridge0,0,0,0,0,0,0
2025-11-05 10:45:22,bridge0,0,0,0,0,0,0
2025-11-05 10:46:32,bridge0,0,0,0,0,0,0
2025-11-05 10:47:42,bridge0,0,0,0,0,0,0
2025-11-05 10:48:52,bridge0,0,0,0,0,0,0
2025-11-10 16:17:09,bridge0,15,15,0,0,0,1542
2025-11-10 16:21:49,bridge0,296,290,0,0,6,30528
2025-11-10 16:22:59,bridge0,76,73,0,0,3,7184
2025-11-10 16:24:09,bridge0,77,77,0,0,0,7450
2025-11-10 16:25:19,bridge0,79,73,0,0,6,7446
2025-11-10 16:28:05,bridge0,527,522,0,0,5,55434
2025-11-10 16:29:15,bridge0,65,63,0,0,2,6182
2025-11-10 16:30:25,bridge0,80,77,0,0,3,7632
2025-11-10 16:31:35,bridge0,80,74,0,0,6,7328
2025-11-10 16:32:46,bridge0,445,442,0,0,3,48058
2025-11-10 16:41:22,bridge0,314,309,0,0,5,32796
2025-11-10 16:42:32,bridge0,53,49,0,0,4,4922
2025-11-10 16:43:43,bridge0,76,63,4,0,9,7046
2025-11-10 16:44:53,bridge0,81,75,0,0,6,7502
2025-11-10 16:46:03,bridge0,91,74,4,0,13,8304
2025-11-10 16:47:13,bridge0,70,68,0,0,2,6820
2025-11-10 16:48:23,bridge0,62,57,0,0,5,5900
2025-11-10 16:49:33,bridge0,38,35,0,0,3,3608
2025-11-10 16:50:43,bridge0,32,31,0,0,1,3204
2025-11-10 16:51:53,bridge0,22,18,0,0,4,2104
2025-11-10 16:53:03,bridge0,8,5,0,0,3,712
2025-11-10 16:54:13,bridge0,4,3,0,0,1,372
2025-11-10 16:55:23,bridge0,8,5,0,0,3,680
2025-11-10 16:56:33,bridge0,5,1,0,0,4,242
2025-11-10 16:57:43,bridge0,3,2,0,0,1,190
2025-11-10 16:58:53,bridge0,6,3,0,0,3,456
2025-11-10 17:00:03,bridge0,6,1,0,0,5,284
2025-11-10 17:01:13,bridge0,17,1,4,0,12,1216
2025-11-10 17:02:23,bridge0,10,5,1,0,4,870
2025-11-10 17:03:33,bridge0,7,1,0,0,6,326
2025-11-10 17:04:43,bridge0,4,1,0,0,3,200
2025-11-10 17:05:53,bridge0,6,3,0,0,3,456
2025-11-10 17:07:03,bridge0,17,3,0,0,14,918
2025-11-10 17:08:13,bridge0,6,1,0,0,5,284
2025-11-10 17:09:23,bridge0,7,5,0,0,2,638
2025-11-10 17:10:34,bridge0,8,3,0,0,5,540
2025-11-10 17:11:44,bridge0,4,1,0,0,3,200
2025-11-10 17:12:54,bridge0,4,3,0,0,1,372
2025-11-10 17:15:57,bridge0,274,269,0,0,5,28716
2025-11-10 17:17:07,bridge0,78,71,0,0,7,7192
2025-11-10 20:23:22,bridge0,260,256,0,0,4,27808
2025-11-10 20:24:32,bridge0,95,71,21,0,3,9218
2025-11-10 20:25:43,bridge0,9,9,0,0,0,1050
2025-11-10 20:26:53,bridge0,64,57,0,0,7,5952
2025-11-10 20:28:03,bridge0,57,43,4,0,10,5176
2025-11-10 20:29:13,bridge0,50,31,1,2,16,4443
2025-11-10 20:30:11,bridge0,265,233,6,8,18,28812
2025-11-10 20:31:21,bridge0,124,81,7,6,30,11922
2025-11-10 20:32:31,bridge0,68,54,2,4,8,6368
2025-11-10 20:33:41,bridge0,414,394,8,6,6,41785
2025-11-10 20:34:51,bridge0,132,110,4,6,12,15620
2025-11-10 20:36:01,bridge0,162,106,33,0,23,31153
2025-11-10 20:37:11,bridge0,165,117,21,6,21,25243
2025-11-10 20:38:21,bridge0,526,473,35,6,12,75973
2025-11-10 20:39:31,bridge0,430,382,32,4,12,128672
2025-11-10 20:40:41,bridge0,467,402,27,6,32,57457
2025-11-10 20:41:51,bridge0,600,530,49,2,19,124199
2025-11-10 20:43:01,bridge0,281,75,172,6,28,93256
2025-11-10 20:44:11,bridge0,526,39,474,6,7,81113
2025-11-10 20:45:21,bridge0,218,46,157,2,13,126574
2025-11-10 20:46:31,bridge0,146,85,43,6,12,47935
2025-11-10 20:47:42,bridge0,162,39,106,4,13,55514
2025-11-10 20:48:52,bridge0,59,8,27,6,18,14092
2025-11-10 20:50:02,bridge0,392,265,92,6,29,87570
2025-11-10 20:51:12,bridge0,69,8,42,0,19,24402
2025-11-10 20:52:22,bridge0,127,81,33,6,7,29755
2025-11-10 20:53:32,bridge0,167,79,68,6,14,57578
2025-11-10 20:54:42,bridge0,46,1,36,4,5,18853
2025-11-10 20:55:52,bridge0,142,61,60,6,15,43808
2025-11-10 20:57:02,bridge0,713,556,140,2,15,237313
2025-11-10 20:58:12,bridge0,106,63,27,6,10,26144
2025-11-10 20:59:22,bridge0,157,127,4,6,20,30591
2025-11-10 21:00:32,bridge0,157,67,64,2,24,49762
2025-11-10 21:01:42,bridge0,552,5,520,6,21,79340
2025-11-10 21:02:52,bridge0,51,6,12,4,29,4662
2025-11-10 21:04:02,bridge0,20,1,0,6,13,1630
2025-11-10 21:05:12,bridge0,109,8,73,6,22,36674
2025-11-10 21:06:22,bridge0,97,62,15,0,20,33819
2025-11-10 21:07:33,bridge0,30,15,4,6,5,5377
2025-11-10 21:08:43,bridge0,16,3,0,6,7,1390
2025-11-10 21:09:53,bridge0,47,8,2,4,33,3658
2025-11-10 21:34:59,bridge0,799,696,58,6,39,104589
2025-11-10 22:02:32,bridge0,836,810,2,4,20,94284
2025-11-10 22:03:42,bridge0,285,154,94,6,31,64244
2025-11-10 22:04:52,bridge0,206,79,105,6,16,50486
2025-11-10 22:06:02,bridge0,228,122,95,0,11,67743
2025-11-10 22:07:12,bridge0,207,110,75,6,16,56762
2025-11-10 22:08:22,bridge0,870,237,613,6,14,197088
2025-11-10 22:09:32,bridge0,280,237,10,4,29,200108
2025-11-10 22:10:42,bridge0,47,13,4,6,24,3817
2025-11-10 22:11:52,bridge0,96,71,0,2,23,57194
2025-11-10 22:13:02,bridge0,51,31,4,6,10,21121
2025-11-10 22:14:12,bridge0,536,517,6,6,7,309617
2025-11-10 22:15:22,bridge0,390,366,12,2,10,40467
2025-11-10 22:16:32,bridge0,107,35,47,6,19,28758
2025-11-10 22:17:42,bridge0,421,5,399,4,13,74249
2025-11-10 22:18:52,bridge0,105,57,8,6,34,13670
2025-11-10 22:20:03,bridge0,266,179,38,6,43,131267
2025-11-10 22:21:13,bridge0,111,101,0,0,10,53853
2025-11-10 22:22:23,bridge0,348,333,0,6,9,71461
2025-11-10 22:23:33,bridge0,33,11,6,6,10,3010
2025-11-10 22:24:43,bridge0,1323,866,445,4,8,1055531
2025-11-10 22:25:53,bridge0,41,8,1,6,26,3358
2025-11-10 22:27:01,bridge0,341,328,4,2,7,33548
2025-11-10 22:31:26,bridge0,797,699,61,4,33,126406
2025-11-10 22:32:36,bridge0,151,124,4,6,17,19073
2025-11-10 22:33:46,bridge0,252,189,52,6,5,61734
2025-11-10 22:34:56,bridge0,284,156,87,0,41,71317
2025-11-10 22:36:06,bridge0,114,94,6,6,8,13839
2025-11-10 22:37:16,bridge0,207,157,39,6,5,48609
2025-11-10 22:38:26,bridge0,96,70,2,4,20,12483
2025-11-10 22:39:37,bridge0,61,44,2,6,9,6201
2025-11-10 22:40:47,bridge0,183,113,36,2,32,68396
2025-11-10 22:41:57,bridge0,86,49,4,6,27,11695
2025-11-10 22:43:07,bridge0,88,39,25,6,18,16251
2025-11-10 22:44:17,bridge0,74,56,2,2,14,10395
2025-11-10 22:45:27,bridge0,130,84,28,6,12,43202
2025-11-10 22:46:37,bridge0,102,37,50,4,11,29807
2025-11-10 22:47:47,bridge0,319,46,257,6,10,68680
2025-11-10 22:48:57,bridge0,129,49,52,6,22,34075
2025-11-10 22:50:07,bridge0,292,163,120,0,9,92739
2025-11-10 22:51:17,bridge0,146,106,15,6,19,21670
2025-11-10 22:52:27,bridge0,5007,77,4906,6,18,3592840
2025-11-10 22:53:38,bridge0,6997,79,6898,4,16,5231682
2025-11-10 22:54:48,bridge0,140,97,24,6,13,22621
2025-11-10 22:55:58,bridge0,154,108,10,0,36,21829
2025-11-10 22:57:08,bridge0,44,8,23,6,7,8075
2025-11-10 22:58:18,bridge0,67,47,9,6,5,13598
2025-11-10 22:59:28,bridge0,263,215,32,4,12,121207
2025-11-10 23:00:38,bridge0,58,10,34,6,8,9437
2025-11-10 23:01:48,bridge0,365,134,199,2,30,135190
2025-11-10 23:02:58,bridge0,153,86,30,6,31,25296
2025-11-10 23:04:08,bridge0,62,40,5,6,11,6071
2025-11-10 23:05:18,bridge0,166,115,42,2,7,106589
2025-11-10 23:06:28,bridge0,40,7,14,6,13,3924
2025-11-10 23:07:38,bridge0,53,22,13,4,14,8671
2025-11-10 23:08:48,bridge0,48,19,11,6,12,8480
2025-11-10 23:09:59,bridge0,81,43,6,6,26,8006
2025-11-10 23:11:09,bridge0,129,42,61,0,26,25867
2025-11-10 23:12:19,bridge0,128,92,0,6,30,15215
2025-11-10 23:13:29,bridge0,95,71,0,6,18,8667
2025-11-10 23:54:37,bridge0,96,20,60,6,10,29302
2025-11-10 23:55:47,bridge0,57,39,1,6,11,5550
2025-11-10 23:56:57,bridge0,160,69,52,4,35,34231
2025-11-10 23:58:07,bridge0,152,117,22,6,7,58462
2025-11-11 00:17:19,bridge0,491,356,115,6,14,148346
2025-11-11 00:18:29,bridge0,237,133,87,6,11,113117
2025-11-11 00:19:39,bridge0,806,751,41,2,12,112011
2025-11-11 00:20:49,bridge0,1051,935,93,6,17,202148
2025-11-11 00:22:00,bridge0,1075,884,163,4,24,242756
2025-11-11 00:23:10,bridge0,131,100,20,6,5,35691
2025-11-11 00:24:20,bridge0,125,91,4,6,24,16137
2025-11-11 00:25:30,bridge0,210,103,75,0,32,104738
2025-11-11 00:26:40,bridge0,670,637,10,6,17,126421
2025-11-11 00:27:50,bridge0,392,368,4,6,14,36091
2025-11-11 00:29:00,bridge0,184,116,43,4,21,42023
2025-11-11 00:30:10,bridge0,463,306,144,6,7,98026
2025-11-11 00:31:20,bridge0,97,49,31,2,15,15119
2025-11-11 00:32:30,bridge0,39,12,6,6,15,3934
2025-11-11 00:33:40,bridge0,159,39,106,6,8,55323
2025-11-11 00:34:50,bridge0,142,85,33,2,22,69917
2025-11-11 00:36:00,bridge0,141,31,77,6,27,46980
2025-11-11 00:37:10,bridge0,323,302,4,4,13,201907
2025-11-11 00:38:20,bridge0,79,56,4,6,13,12417
2025-11-11 00:39:31,bridge0,57,22,17,6,12,8604
2025-11-11 00:40:41,bridge0,69,38,19,0,12,30718
2025-11-11 00:41:51,bridge0,76,38,25,6,7,32781
2025-11-11 00:43:01,bridge0,51,20,2,6,23,4451
2025-11-11 00:44:11,bridge0,99,32,45,4,18,42881
2025-11-11 00:45:21,bridge0,79,48,4,6,21,12443
2025-11-11 00:46:31,bridge0,77,40,20,2,15,31881
2025-11-11 00:47:41,bridge0,98,65,19,6,8,54226
2025-11-11 00:48:51,bridge0,122,49,57,6,10,73496
2025-11-11 00:50:01,bridge0,140,57,58,2,23,40838
2025-11-11 00:51:11,bridge0,207,182,12,6,7,57262
2025-11-11 00:52:21,bridge0,108,74,11,4,19,31359
2025-11-11 00:53:31,bridge0,102,76,8,6,12,31728
2025-11-11 00:54:41,bridge0,160,119,9,6,26,32855
2025-11-11 00:55:51,bridge0,240,226,0,0,14,28099
2025-11-11 00:57:01,bridge0,152,89,37,6,20,44514
2025-11-11 00:58:11,bridge0,130,113,0,6,11,23311
2025-11-11 00:59:21,bridge0,96,60,11,4,21,11907
2025-11-11 01:00:32,bridge0,208,162,26,6,14,83905
2025-11-11 01:01:42,bridge0,447,356,82,2,7,344317
2025-11-11 01:02:52,bridge0,263,160,90,6,7,173315
2025-11-11 01:04:02,bridge0,250,126,75,6,43,106896
2025-11-11 01:05:12,bridge0,144,95,23,2,24,40369
2025-11-11 01:06:22,bridge0,175,141,19,6,9,43550
2025-11-11 01:07:32,bridge0,194,140,30,4,20,31250
2025-11-11 01:08:42,bridge0,202,177,14,6,5,43209
2025-11-11 01:09:52,bridge0,120,90,15,6,9,26488
2025-11-11 01:11:02,bridge0,177,160,4,0,13,34473
2025-11-11 01:12:12,bridge0,835,803,16,6,10,95426
2025-11-11 01:13:22,bridge0,230,168,44,6,12,65175
2025-11-11 01:14:32,bridge0,184,122,33,4,25,46598
2025-11-11 01:15:42,bridge0,104,66,0,6,32,16400
2025-11-11 01:16:52,bridge0,252,196,16,2,38,48180
2025-11-11 01:18:02,bridge0,266,199,35,6,26,55827
2025-11-11 01:19:13,bridge0,108,76,6,6,20,16970
                                               2025-11-11 10:27:14,bridge0,303,254,32,6,11,74565
2025-11-11 10:28:24,bridge0,129,92,14,0,23,33847
2025-11-11 10:29:34,bridge0,109,79,4,6,20,20923
2025-11-11 10:30:44,bridge0,144,98,4,6,36,32231
2025-11-11 10:31:54,bridge0,484,427,18,4,35,289177
2025-11-11 10:33:05,bridge0,41,20,6,6,9,5265
2025-11-11 10:34:15,bridge0,219,185,25,2,7,89631
2025-11-11 10:35:25,bridge0,301,253,20,4,24,46291
2025-11-11 11:16:32,bridge0,432,383,12,4,33,58634
2025-11-11 11:17:43,bridge0,166,102,16,6,42,33905
2025-11-11 11:18:53,bridge0,236,202,11,2,21,146755
2025-11-11 11:20:03,bridge0,168,111,8,6,43,15900
2025-11-11 11:21:13,bridge0,146,123,2,6,15,13377
2025-11-11 11:22:23,bridge0,89,61,5,2,21,21734
2025-11-11 11:23:33,bridge0,690,626,24,14,26,70268
2025-11-11 11:24:43,bridge0,44,12,8,4,20,4230
2025-11-11 11:25:53,bridge0,24,6,1,6,11,1910
2025-11-11 11:27:03,bridge0,229,97,88,6,38,55270
2025-11-11 11:28:13,bridge0,64,24,4,0,36,12628
2025-11-11 11:29:23,bridge0,175,99,49,6,21,49175
2025-11-11 11:30:33,bridge0,139,71,52,6,10,37849
2025-11-11 11:31:43,bridge0,118,95,3,4,16,61869
2025-11-11 11:32:53,bridge0,45,18,12,6,9,4224
2025-11-11 11:34:03,bridge0,181,20,131,2,28,70371
2025-11-11 11:35:13,bridge0,91,63,12,6,10,26585
2025-11-11 11:36:24,bridge0,390,360,15,6,9,110483
2025-11-11 11:37:34,bridge0,303,257,13,2,31,246108
2025-11-11 11:38:44,bridge0,627,562,27,6,32,262216
2025-11-11 11:39:54,bridge0,167,127,15,4,21,18958
2025-11-11 11:41:04,bridge0,559,538,8,6,7,54235
2025-11-11 11:42:14,bridge0,792,739,40,6,7,105672
2025-11-11 11:43:24,bridge0,225,163,46,0,16,103666
2025-11-11 11:44:34,bridge0,172,157,2,6,7,34321
2025-11-11 11:45:44,bridge0,626,600,13,6,7,95662
2025-11-11 11:46:54,bridge0,844,793,16,4,31,89320
2025-11-11 11:48:04,bridge0,188,157,0,6,25,35793
2025-11-11 11:49:14,bridge0,206,173,10,2,21,38746
2025-11-11 11:50:24,bridge0,347,325,2,6,14,43116
2025-11-11 11:51:34,bridge0,190,140,21,6,23,43439
2025-11-11 11:55:35,bridge0,287,267,7,2,11,24771
2025-11-11 11:56:45,bridge0,198,151,32,6,9,45634
2025-11-11 11:58:33,bridge0,1137,1043,47,4,43,116806
2025-11-11 11:59:43,bridge0,3179,146,3005,6,22,2962198
2025-11-11 12:00:53,bridge0,1049,95,936,4,14,953313
2025-11-11 12:02:03,bridge0,1502,54,1414,6,28,1271265
2025-11-11 12:03:13,bridge0,482,360,99,6,17,110298
2025-11-11 12:11:08,bridge0,619,562,33,6,18,63767
2025-11-11 12:12:18,bridge0,1622,414,1195,6,7,1233971
2025-11-11 12:13:28,bridge0,4235,90,4116,4,25,3439198
2025-11-11 12:14:39,bridge0,11155,120,11008,6,21,8860924
2025-11-11 12:15:49,bridge0,8513,75,8430,0,8,7061474
2025-11-11 12:17:00,bridge0,1690,241,1420,4,25,1446963
2025-11-11 12:18:10,bridge0,199,149,29,6,15,41368
2025-11-11 12:19:20,bridge0,3267,3180,69,4,14,2620169
2025-11-11 12:20:30,bridge0,127,89,6,6,26,21850
2025-11-11 12:21:40,bridge0,80,57,6,6,11,13761
2025-11-11 12:22:50,bridge0,105,84,9,4,8,21714
2025-11-11 12:24:00,bridge0,113,87,0,6,20,22903
2025-11-11 12:25:02,bridge0,244,241,0,2,1,20782
2025-11-11 12:26:12,bridge0,130,75,35,1,19,22652
2025-11-11 12:27:23,bridge0,90,61,2,0,27,5397
2025-11-11 12:28:33,bridge0,129,81,11,0,37,8235
2025-11-12 09:35:36,bridge0,0,0,0,0,0,0
2025-11-12 09:36:46,bridge0,0,0,0,0,0,0
2025-11-12 09:37:56,bridge0,0,0,0,0,0,0
2025-11-12 09:39:06,bridge0,0,0,0,0,0,0
2025-11-12 09:40:16,bridge0,0,0,0,0,0,0
2025-12-11 21:17:55,bridge0,213,193,11,0,9,34982
2025-12-11 21:18:57,bridge0,1849,29,1818,0,2,1919589
2025-12-11 21:26:42,bridge0,8049,420,7622,0,7,8118023
2025-12-11 21:27:52,bridge0,411,343,42,6,20,165464
2025-12-11 21:29:02,bridge0,4850,190,4639,0,21,5412039
2025-12-11 21:30:13,bridge0,1291,147,1131,6,7,1311258
2025-12-11 21:31:23,bridge0,190,164,7,6,13,55006
2025-12-11 21:32:33,bridge0,198,164,18,4,12,39342
2025-12-11 21:33:43,bridge0,2133,122,2001,6,4,1724020
2025-12-11 21:34:53,bridge0,147,98,27,2,20,44077
2025-12-11 21:36:03,bridge0,125,105,2,6,12,30796
2025-12-11 21:37:13,bridge0,376,358,0,6,12,249902
2025-12-11 21:38:23,bridge0,1196,119,1060,2,15,1025322
2025-12-11 21:39:33,bridge0,489,12,449,6,22,471953
2025-12-11 21:40:43,bridge0,724,68,644,4,8,785541
2025-12-11 21:41:53,bridge0,36,10,11,6,9,5065
2025-12-11 21:43:04,bridge0,3294,307,2971,6,10,2545198
2025-12-11 21:44:14,bridge0,138,96,32,0,10,50960
2025-12-11 21:45:24,bridge0,3497,23,3462,5,7,4055928
2025-12-11 21:46:34,bridge0,159,88,54,6,11,28332
2025-12-11 21:47:44,bridge0,192,138,30,4,20,39710
2025-12-11 21:48:54,bridge0,516,145,351,6,14,326334
2025-12-11 21:50:04,bridge0,489,167,313,2,7,298130
2025-12-11 21:51:14,bridge0,220,165,42,6,7,47552
2025-12-11 21:52:24,bridge0,283,177,85,6,15,71590
2025-12-11 21:53:34,bridge0,3653,111,3531,2,9,3741611
2025-12-11 21:54:44,bridge0,210,161,32,6,11,53961
2025-12-11 21:55:55,bridge0,85,62,2,4,17,18986
2025-12-11 21:57:05,bridge0,113,98,0,6,9,30055
2025-12-11 21:58:15,bridge0,298,266,0,6,26,93553
2025-12-11 21:59:25,bridge0,92,70,4,2,16,19333
2025-12-11 22:00:35,bridge0,115,91,13,6,5,31410
2025-12-11 22:01:45,bridge0,185,145,27,4,9,56600
2025-12-11 22:02:55,bridge0,135,107,12,6,10,29766
2025-12-11 22:04:05,bridge0,207,170,24,6,7,158379
2025-12-11 22:05:15,bridge0,324,255,58,0,11,119075
2025-12-11 22:06:25,bridge0,101,84,4,6,7,23046
2025-12-11 22:07:35,bridge0,640,407,220,6,7,358960
2025-12-11 22:08:45,bridge0,1343,96,1223,4,20,650547
2025-12-11 22:09:56,bridge0,3532,80,3374,6,72,1668776
2025-12-11 22:11:06,bridge0,733,568,132,2,31,225442
2025-12-11 22:12:16,bridge0,1076,208,857,6,5,857800
2025-12-11 22:13:26,bridge0,183,69,89,6,19,57850
2025-12-11 22:14:36,bridge0,95,70,8,2,15,49990
2025-12-11 22:15:46,bridge0,1487,50,1417,6,14,1134463
2025-12-11 22:16:56,bridge0,1728,79,1620,4,25,865460
2025-12-11 22:18:06,bridge0,1041,128,893,4,16,476194
2025-12-11 22:19:16,bridge0,895,32,844,6,13,451140
2025-12-11 22:20:26,bridge0,2224,525,1690,0,9,1459032
2025-12-11 22:21:37,bridge0,1730,66,1650,6,8,1307514
2025-12-11 22:22:47,bridge0,1875,157,1704,4,10,1010078
2025-12-11 22:23:57,bridge0,2157,464,1679,6,8,895596
2025-12-11 22:25:07,bridge0,1565,161,1392,5,7,1134405
2025-12-11 22:41:32,bridge0,1567,587,962,6,12,1122637
2025-12-11 22:44:50,bridge0,748,505,228,4,11,256958
2025-12-11 22:46:00,bridge0,1855,359,1484,3,9,1577292
2025-12-11 22:47:10,bridge0,3641,197,3432,5,7,3551450
2025-12-11 22:48:20,bridge0,208,161,27,0,20,132210
2025-12-11 22:49:30,bridge0,148,99,32,6,11,80348
2025-12-11 22:50:40,bridge0,360,330,6,6,18,164413
2025-12-11 22:51:50,bridge0,145,136,0,4,5,107286
2025-12-11 22:53:00,bridge0,146,109,13,6,18,72192
2025-12-11 22:54:11,bridge0,171,147,15,2,7,117023
2025-12-11 22:55:21,bridge0,595,351,223,6,15,305788
2025-12-11 22:56:31,bridge0,32,13,4,6,9,2661
2025-12-11 22:57:41,bridge0,165,134,24,2,5,122641
2025-12-11 22:58:51,bridge0,672,636,5,6,25,63880
2025-12-11 23:00:01,bridge0,310,169,115,4,22,127783
2025-12-11 23:01:11,bridge0,1175,176,988,6,5,982982
2025-12-11 23:02:21,bridge0,730,207,508,6,9,542322
2025-12-11 23:03:31,bridge0,724,250,467,0,7,510745
2025-12-11 23:04:41,bridge0,1782,247,1527,4,4,1227941
2025-12-11 23:05:51,bridge0,170,117,27,6,20,114793
2025-12-11 23:07:01,bridge0,521,16,491,4,10,458318
2025-12-11 23:08:11,bridge0,876,202,657,6,11,650090
2025-12-11 23:09:21,bridge0,248,27,189,2,30,150471
2025-12-11 23:10:32,bridge0,637,9,611,6,11,515716
2025-12-11 23:11:42,bridge0,1830,10,1808,5,7,1446038
2025-12-11 23:12:52,bridge0,1828,10,1809,0,9,1535523
2025-12-11 23:14:02,bridge0,1486,13,1455,6,12,1298617
2025-12-11 23:15:12,bridge0,1202,161,1033,2,6,1032741
2025-12-11 23:16:22,bridge0,1351,39,1303,4,5,1235241
2025-12-11 23:17:32,bridge0,1019,118,883,6,12,793355
2025-12-11 23:18:42,bridge0,410,46,352,2,10,292350
2025-12-11 23:19:52,bridge0,172,141,2,6,23,110282
2025-12-11 23:21:02,bridge0,697,395,285,4,13,340740
2025-12-11 23:22:12,bridge0,262,147,104,6,5,138737
2025-12-11 23:23:23,bridge0,37,22,2,6,7,7229
2025-12-11 23:24:33,bridge0,29,15,2,0,12,2143
2025-12-11 23:25:43,bridge0,2822,2765,40,6,11,2477894
2025-12-11 23:26:53,bridge0,62,31,14,6,11,7879
2025-12-11 23:28:03,bridge0,65,39,4,4,18,11109
2025-12-11 23:29:13,bridge0,747,107,626,6,8,643047
2025-12-11 23:30:23,bridge0,746,162,566,2,16,584617
2025-12-11 23:31:33,bridge0,482,24,444,6,8,412158
2025-12-11 23:32:43,bridge0,363,22,326,6,9,288825
2025-12-11 23:33:53,bridge0,684,34,638,2,10,525407
2025-12-11 23:35:03,bridge0,491,81,396,5,9,365950
2025-12-11 23:36:13,bridge0,1026,289,729,4,4,797055
2025-12-11 23:37:23,bridge0,819,62,745,5,7,694029
2025-12-11 23:38:34,bridge0,243,89,127,6,21,147145
2025-12-11 23:39:44,bridge0,333,40,277,0,16,233764
2025-12-11 23:40:54,bridge0,1209,22,1166,5,16,897736
2025-12-11 23:42:04,bridge0,383,12,356,6,9,309091
2025-12-11 23:43:14,bridge0,653,172,466,4,11,411219
2025-12-11 23:44:24,bridge0,273,60,202,6,5,156555
2025-12-11 23:45:34,bridge0,669,5,652,2,10,555721
2025-12-11 23:46:44,bridge0,270,93,158,6,13,171047
2025-12-15 21:43:31,bridge0,550,504,20,0,26,89321
2025-12-15 21:44:41,bridge0,474,400,60,1,13,245925
2025-12-15 21:45:53,bridge0,525,472,47,1,5,71034
2025-12-15 21:47:03,bridge0,289,212,45,16,16,121981
2025-12-15 21:48:20,bridge0,698,617,51,6,24,120126
2025-12-15 21:49:30,bridge0,217,185,20,6,6,116960
2025-12-15 21:50:40,bridge0,2005,1577,406,2,20,1400215
2025-12-15 21:51:50,bridge0,7460,7203,247,1,9,6588043
2025-12-15 21:53:00,bridge0,870,390,457,2,21,306238
2025-12-15 21:54:10,bridge0,222,148,41,2,31,41233
2025-12-15 21:55:20,bridge0,276,191,73,4,8,64959
2025-12-15 21:56:31,bridge0,193,132,43,2,16,38622
2025-12-15 21:57:41,bridge0,143,129,1,6,7,32720
2025-12-15 21:58:51,bridge0,145,114,9,8,14,40489
2025-12-15 22:00:01,bridge0,279,244,18,6,11,114747
2025-12-15 22:01:11,bridge0,283,193,66,6,18,78943
2025-12-15 22:02:21,bridge0,235,159,39,4,33,53628
2025-12-15 22:03:31,bridge0,3374,785,2569,6,14,2133859
2025-12-15 22:04:41,bridge0,439,332,92,6,9,211620
2025-12-15 22:05:51,bridge0,311,140,160,2,9,177270
2025-12-15 22:07:01,bridge0,374,228,131,6,9,174091
2025-12-15 22:08:11,bridge0,142,58,55,4,25,34015
2025-12-15 22:09:21,bridge0,70,35,10,6,19,5798
2025-12-15 22:10:31,bridge0,142,93,38,6,5,28702
2025-12-15 22:11:41,bridge0,82,56,10,0,16,7317
2025-12-15 22:12:51,bridge0,113,73,2,6,32,9038
2025-12-15 22:14:02,bridge0,221,178,12,6,25,39682
2025-12-15 22:15:12,bridge0,177,119,25,4,29,25836
2025-12-15 22:16:22,bridge0,148,120,10,6,12,15145
2025-12-15 22:17:32,bridge0,122,101,7,2,12,10086
2025-12-15 22:18:42,bridge0,123,87,15,6,15,17339
2025-12-15 22:19:52,bridge0,95,69,13,6,7,9848
2025-12-15 22:21:02,bridge0,170,152,6,2,10,28857
2025-12-15 22:22:12,bridge0,98,59,3,6,30,18604
2025-12-15 22:23:22,bridge0,157,70,64,4,19,43961
2025-12-15 22:24:32,bridge0,570,188,365,6,11,391056
2025-12-15 22:25:42,bridge0,834,797,20,6,11,664364
2025-12-15 22:26:52,bridge0,245,205,27,0,13,84902
2025-12-15 22:28:02,bridge0,203,159,31,6,7,55287
2025-12-15 22:29:12,bridge0,154,83,30,6,35,61175
2025-12-15 22:30:22,bridge0,190,99,65,4,22,78144
2025-12-15 22:31:32,bridge0,131,64,33,6,28,43264
2025-12-15 22:32:43,bridge0,51,17,2,2,30,4122
2025-12-15 22:33:53,bridge0,49,34,1,6,8,3971
2025-12-15 22:35:03,bridge0,316,255,47,6,8,134752
2025-12-15 22:36:13,bridge0,242,101,113,2,26,129494
2025-12-15 22:37:23,bridge0,106,67,26,6,7,38612
2025-12-15 22:44:01,bridge0,465,428,22,4,11,40722
2025-12-15 22:45:11,bridge0,356,304,14,6,32,562782
2025-12-15 22:46:21,bridge0,236,181,25,2,28,278714
2025-12-15 22:47:31,bridge0,271,213,30,6,22,507561
2025-12-15 22:48:41,bridge0,192,171,2,6,13,450783
2025-12-15 22:49:51,bridge0,287,172,103,2,10,338518
2025-12-15 22:51:02,bridge0,418,326,66,6,20,536097
2025-12-15 22:52:12,bridge0,293,205,54,4,30,509346
2025-12-15 22:53:22,bridge0,432,336,74,6,16,403933
2025-12-15 22:54:32,bridge0,347,235,83,6,23,519729
2025-12-15 22:55:42,bridge0,1750,377,1359,2,12,1470938
2025-12-15 22:56:52,bridge0,71,25,20,6,20,14542
2025-12-15 22:58:02,bridge0,214,181,10,4,19,351422
2025-12-15 22:59:12,bridge0,2198,272,1889,6,31,1355556
2025-12-15 23:00:22,bridge0,556,186,344,6,20,294417
2025-12-15 23:01:32,bridge0,240,229,2,0,9,448825
2025-12-15 23:02:42,bridge0,222,181,6,6,29,429816
2025-12-15 23:03:52,bridge0,136,121,0,6,9,259024
2025-12-15 23:05:02,bridge0,370,306,34,4,26,507111
2025-12-15 23:06:13,bridge0,640,248,353,6,33,517665
2025-12-15 23:07:23,bridge0,218,177,32,2,7,355717
2025-12-15 23:08:33,bridge0,294,254,13,6,21,548208
2025-12-15 23:09:43,bridge0,438,323,101,6,8,597362
2025-12-15 23:10:53,bridge0,297,229,57,2,9,401491
2025-12-15 23:12:03,bridge0,444,379,52,6,7,619672
2025-12-15 23:13:13,bridge0,310,274,0,4,32,556853
2025-12-15 23:14:23,bridge0,263,183,57,6,17,348118
2025-12-15 23:15:33,bridge0,264,193,33,6,32,475145
2025-12-15 23:16:43,bridge0,249,230,2,0,17,518548
2025-12-15 23:17:53,bridge0,579,520,23,6,30,411288
2025-12-15 23:19:03,bridge0,357,266,43,6,42,552228
2025-12-15 23:20:13,bridge0,487,402,50,4,31,470319
2025-12-15 23:21:23,bridge0,243,168,34,6,35,114579
2025-12-15 23:22:34,bridge0,654,586,38,2,28,160136
2025-12-15 23:23:44,bridge0,630,559,49,6,16,615355
2025-12-15 23:24:54,bridge0,488,413,51,6,18,721493
2025-12-15 23:26:04,bridge0,321,262,25,2,32,364245
2025-12-15 23:27:14,bridge0,548,523,5,6,14,125294
2025-12-15 23:28:24,bridge0,346,269,52,2,23,553174
2025-12-15 23:29:34,bridge0,2731,332,2382,6,11,1595066
2025-12-15 23:30:44,bridge0,696,595,88,6,7,255327
2025-12-15 23:31:54,bridge0,74,59,0,2,13,5905
2025-12-15 23:33:04,bridge0,576,168,365,6,37,413610
2025-12-15 23:34:14,bridge0,853,74,753,4,22,380586
2025-12-15 23:35:25,bridge0,700,657,8,6,29,130170
2025-12-15 23:36:35,bridge0,636,372,241,6,17,410201
2025-12-15 23:37:45,bridge0,802,40,748,0,14,642528
2025-12-15 23:38:55,bridge0,569,398,143,6,22,999046
2025-12-15 23:40:05,bridge0,243,145,42,6,50,289959
2025-12-15 23:41:15,bridge0,348,264,75,4,5,532942
2025-12-15 23:42:25,bridge0,83,22,26,6,29,15708
2025-12-15 23:43:35,bridge0,103,50,35,2,16,19863
2025-12-15 23:44:45,bridge0,247,161,47,6,33,66126
2025-12-15 23:45:55,bridge0,119,56,10,6,47,9990
2025-12-15 23:47:05,bridge0,304,199,67,2,36,370703
2025-12-15 23:48:15,bridge0,194,134,26,6,28,21035
2025-12-15 23:49:25,bridge0,149,110,6,4,29,12397
2025-12-15 23:50:35,bridge0,112,67,19,6,20,11751
2025-12-15 23:51:46,bridge0,353,270,55,6,22,66540
2025-12-16 00:47:38,bridge0,954,897,3,6,48,109073
2025-12-16 00:48:48,bridge0,1020,796,192,6,26,453623
2025-12-16 00:49:58,bridge0,254,207,36,2,9,506440
2025-12-16 00:51:08,bridge0,933,277,612,6,38,1022307
2025-12-16 00:52:18,bridge0,27,12,2,4,9,2136
2025-12-16 00:53:28,bridge0,241,162,63,6,10,504071
2025-12-16 00:54:38,bridge0,176,144,10,6,16,477354
2025-12-16 00:55:48,bridge0,378,118,29,3,228,306913
2025-12-16 00:56:58,bridge0,341,291,26,6,18,593319
2025-12-16 00:58:09,bridge0,209,158,4,6,41,473465
2025-12-16 00:59:19,bridge0,240,168,49,4,19,323369
2025-12-16 01:00:29,bridge0,281,223,38,6,14,532808
2025-12-16 01:01:39,bridge0,284,229,43,2,10,554806
2025-12-16 01:02:49,bridge0,347,235,90,6,16,447222
2025-12-16 01:03:59,bridge0,369,302,46,6,15,573761
2025-12-16 01:05:09,bridge0,278,217,22,2,37,501758
2025-12-16 01:06:19,bridge0,199,162,2,6,29,277698
2025-12-16 01:07:29,bridge0,381,291,67,4,19,615209
2025-12-16 01:08:39,bridge0,269,223,34,6,6,543432
2025-12-16 01:09:49,bridge0,195,152,32,6,5,347059
2025-12-16 01:10:59,bridge0,335,276,50,0,9,589700
2025-12-16 01:12:09,bridge0,310,193,82,6,29,541243
2025-12-16 01:13:19,bridge0,223,153,45,6,19,345142
2025-12-16 01:14:29,bridge0,253,177,59,4,13,545852
2025-12-16 01:15:39,bridge0,251,189,46,6,10,526122
2025-12-16 01:16:49,bridge0,168,100,32,0,36,272253
2025-12-16 01:18:00,bridge0,418,307,79,6,26,643374
2025-12-16 01:19:10,bridge0,407,268,100,6,33,639515
2025-12-16 01:20:20,bridge0,98,84,4,4,6,270059
2025-12-16 01:21:30,bridge0,319,208,93,6,12,577442
2025-12-16 01:22:40,bridge0,186,160,12,2,12,485899
2025-12-16 01:23:50,bridge0,128,101,14,6,7,270472
2025-12-16 01:25:00,bridge0,222,177,32,6,7,469367
2025-12-16 01:26:10,bridge0,236,202,0,2,32,506822
2025-12-16 01:27:20,bridge0,242,195,21,6,20,296279
2025-12-16 01:28:30,bridge0,235,187,20,4,24,475470
2025-12-16 01:29:40,bridge0,198,167,8,6,17,527370
2025-12-16 01:30:50,bridge0,120,99,5,6,10,290029
2025-12-16 01:32:00,bridge0,332,282,28,0,22,614703
2025-12-16 01:33:10,bridge0,258,166,57,6,29,517882
2025-12-16 01:34:20,bridge0,142,113,6,6,17,277916
2025-12-16 01:35:30,bridge0,172,123,32,4,13,481928
2025-12-16 01:36:40,bridge0,202,174,0,6,22,508756
2025-12-16 01:37:51,bridge0,111,97,0,2,12,292592
2025-12-16 01:39:01,bridge0,219,197,1,6,15,520249
2025-12-16 01:40:11,bridge0,212,172,4,6,30,540404
2025-12-16 01:41:21,bridge0,101,90,2,2,7,274844
2025-12-16 01:42:31,bridge0,177,158,0,6,13,537820
2025-12-16 01:43:41,bridge0,193,161,7,4,21,457291
2025-12-16 10:01:20,bridge0,688,594,40,22,32,62777
2025-12-16 10:02:30,bridge0,622,505,76,17,24,591214
2025-12-16 10:03:40,bridge0,726,645,22,16,43,72793
2025-12-16 10:04:50,bridge0,757,695,11,10,41,73251
2025-12-16 10:06:00,bridge0,1381,830,524,3,24,771909
2025-12-16 10:07:10,bridge0,645,519,76,7,43,97114
2025-12-16 10:08:20,bridge0,1161,176,961,4,20,1076218
2025-12-16 10:09:30,bridge0,538,515,6,0,17,319703
2025-12-16 10:10:39,bridge0,988,883,67,13,25,798176
2025-12-16 10:11:49,bridge0,327,250,45,11,21,311276
2025-12-16 10:12:59,bridge0,310,152,123,3,32,545100
2025-12-16 10:14:09,bridge0,611,441,89,9,72,740643
2025-12-16 10:15:19,bridge0,59,21,4,3,31,3990
2025-12-16 10:16:29,bridge0,44,20,2,3,19,3125
2025-12-16 10:17:39,bridge0,310,211,83,4,12,494729
2025-12-16 10:18:50,bridge0,798,779,2,3,14,73220
2025-12-16 10:20:00,bridge0,1414,1395,13,1,5,467275
2025-12-16 10:21:10,bridge0,103,41,9,6,47,10425
2025-12-16 10:22:20,bridge0,1039,1024,4,1,10,93130
2025-12-16 10:23:30,bridge0,544,515,0,2,27,48616
2025-12-16 10:24:40,bridge0,483,437,14,3,29,55778
2025-12-16 10:25:50,bridge0,117,97,6,5,9,256368
2025-12-16 10:27:00,bridge0,313,253,28,19,13,512579
2025-12-16 10:28:10,bridge0,193,138,6,2,47,491958
2025-12-16 10:29:20,bridge0,1411,128,1257,8,18,962060
2025-12-16 10:30:30,bridge0,1246,403,824,1,18,513663
2025-12-16 10:31:41,bridge0,349,326,4,2,17,36728
2025-12-16 10:32:51,bridge0,316,283,12,0,21,238297
2025-12-16 10:34:01,bridge0,422,322,67,6,27,467935
2025-12-16 10:35:11,bridge0,434,380,8,1,45,554237
2025-12-16 10:36:21,bridge0,190,147,14,2,27,276262
2025-12-16 10:37:34,bridge0,727,615,71,23,18,799535
2025-12-16 10:38:44,bridge0,740,464,131,28,117,393806
2025-12-16 10:39:54,bridge0,605,579,14,3,9,581343
2025-12-16 10:41:04,bridge0,185,138,11,21,15,415452
2025-12-16 10:42:15,bridge0,8408,14,7384,978,32,384053
2025-12-16 10:43:25,bridge0,139,34,53,16,36,27793
2025-12-16 10:44:35,bridge0,913,751,98,41,23,383340
2025-12-16 10:45:45,bridge0,1874,408,1447,1,18,1474884
2025-12-16 10:46:55,bridge0,2780,159,2611,2,8,1889179
2025-12-16 10:48:05,bridge0,1572,272,1272,3,25,1333528
2025-12-16 10:49:15,bridge0,1422,62,1330,15,15,1077745
2025-12-16 10:50:26,bridge0,1112,5,1087,1,19,870783
2025-12-16 10:51:36,bridge0,1585,60,1502,2,21,1260533
2025-12-16 10:52:46,bridge0,1263,17,1210,3,33,1006480
2025-12-16 10:53:56,bridge0,1683,23,1637,6,17,1393962
2025-12-16 10:55:06,bridge0,1514,158,1332,2,22,1336999
2025-12-16 10:56:16,bridge0,1138,66,1056,2,14,881501
2025-12-16 10:57:26,bridge0,1727,6,1666,1,54,1361763
2025-12-16 10:58:36,bridge0,1631,127,1485,12,7,1366588
2025-12-16 10:59:46,bridge0,1406,48,1354,1,3,1119112
2025-12-16 11:00:57,bridge0,1261,124,1131,1,5,1382864
2025-12-16 11:02:07,bridge0,910,20,849,1,40,668804
2025-12-16 11:03:17,bridge0,976,9,938,1,28,697751
2025-12-16 11:04:27,bridge0,841,67,731,31,12,584708
2025-12-16 11:05:37,bridge0,1689,82,1581,5,21,1325562
2025-12-16 11:06:47,bridge0,566,30,521,2,13,380350
2025-12-16 11:07:57,bridge0,1157,125,1017,0,15,1248273
2025-12-16 11:09:07,bridge0,1656,24,1579,14,39,1251052
2025-12-16 11:10:17,bridge0,1283,5,1259,0,19,1069079
2025-12-16 11:11:28,bridge0,1205,8,1177,2,18,983713
2025-12-16 11:12:38,bridge0,1071,56,987,9,19,894770
2025-12-16 11:13:48,bridge0,744,38,675,11,20,596333
2025-12-16 11:14:58,bridge0,1214,131,1044,30,9,1248441
2025-12-16 11:16:08,bridge0,755,66,649,4,36,584305
2025-12-16 11:17:18,bridge0,926,43,858,4,21,767438
2025-12-16 11:18:28,bridge0,1493,6,1479,2,6,1357895
2025-12-16 11:19:38,bridge0,942,5,922,2,13,872395
2025-12-16 11:20:48,bridge0,1224,12,1204,2,6,1091390
2025-12-16 11:21:58,bridge0,794,124,637,2,31,934726
2025-12-16 11:23:08,bridge0,836,4,767,1,64,606741
2025-12-16 11:24:19,bridge0,1538,313,1210,0,15,1221419
2025-12-16 11:25:29,bridge0,981,10,962,2,7,773277
2025-12-16 11:26:39,bridge0,789,19,749,3,18,548001
2025-12-16 11:27:49,bridge0,2132,936,1187,3,6,1620051
2025-12-16 11:28:59,bridge0,915,186,701,5,23,1058349
2025-12-16 11:30:09,bridge0,1355,90,1230,1,34,1000250
2025-12-16 11:31:19,bridge0,675,47,609,9,10,448376
2025-12-16 11:32:29,bridge0,1747,51,1661,1,34,1278662
2025-12-16 11:33:40,bridge0,1095,175,901,1,18,770709
2025-12-16 11:34:50,bridge0,3015,108,2896,2,9,2332731
2025-12-16 11:36:00,bridge0,2155,196,1910,28,21,1688406
2025-12-16 11:37:10,bridge0,3368,176,3173,3,16,2295388
2025-12-16 11:38:20,bridge0,281,7,261,3,10,128510
2025-12-16 11:39:30,bridge0,1809,74,1717,12,6,1124609
2025-12-16 11:40:40,bridge0,1118,10,1095,1,12,672367
2025-12-16 11:41:50,bridge0,203,18,164,1,20,90977
2025-12-16 11:43:01,bridge0,13655,12425,1226,1,3,9523060
2025-12-16 11:44:11,bridge0,9901,8724,1158,4,15,8456409
2025-12-16 11:45:22,bridge0,278,43,219,6,10,120400
2025-12-16 12:36:34,bridge0,422,398,3,2,19,39088
2025-12-16 12:37:44,bridge0,722,704,0,6,12,69237
2025-12-16 12:38:54,bridge0,949,199,729,2,19,752691
2025-12-16 12:40:04,bridge0,1870,124,1718,6,22,1306566
2025-12-16 12:41:14,bridge0,80,16,9,6,49,6500
2025-12-16 12:42:25,bridge0,465,408,23,0,34,325686
2025-12-16 12:43:35,bridge0,324,284,5,2,33,506719
2025-12-16 12:44:45,bridge0,181,143,2,6,30,497851
2025-12-16 12:45:55,bridge0,125,91,11,4,19,261073
2025-12-16 21:32:17,bridge0,319,270,9,6,34,37032
2025-12-16 21:33:27,bridge0,820,768,16,6,30,932235
2025-12-16 21:34:37,bridge0,1826,853,945,4,24,1695248
2025-12-16 21:35:47,bridge0,3137,329,2776,6,26,3148883
2025-12-16 21:36:57,bridge0,559,525,10,2,22,798912
2025-12-16 21:38:07,bridge0,734,679,19,6,30,541841
2025-12-16 21:39:18,bridge0,1299,335,927,6,31,1076102
2025-12-16 21:40:28,bridge0,458,435,6,2,15,367636
2025-12-16 21:41:38,bridge0,398,358,10,6,24,287221
2025-12-16 21:42:48,bridge0,2852,338,2492,0,22,2410051
2025-12-16 21:43:58,bridge0,3930,604,3301,2,23,3436305
2025-12-16 21:45:08,bridge0,2695,926,1733,6,30,2543431
2025-12-16 21:46:18,bridge0,1363,469,852,2,40,1121283
2025-12-16 21:47:28,bridge0,1289,483,789,6,11,1044710
2025-12-16 21:48:39,bridge0,1001,926,56,4,15,1347377
2025-12-16 21:49:49,bridge0,4082,992,3072,6,12,3236095
2025-12-16 21:50:59,bridge0,1109,741,357,6,5,694566
2025-12-16 21:52:09,bridge0,416,385,21,0,10,306017
2025-12-16 21:53:19,bridge0,904,808,58,6,32,625210
2025-12-16 21:54:29,bridge0,454,400,20,6,28,285635
2025-12-16 21:55:39,bridge0,980,429,535,0,16,893035
2025-12-16 21:56:49,bridge0,3495,2800,676,6,13,2989059
2025-12-16 21:58:00,bridge0,524,469,41,4,10,364332
2025-12-16 21:59:10,bridge0,507,454,41,6,6,330405
2025-12-16 22:00:20,bridge0,1851,1146,678,6,21,1404882
2025-12-16 22:01:30,bridge0,1350,772,573,0,5,969611
2025-12-16 22:02:40,bridge0,1440,461,965,6,8,1347089
2025-12-16 22:03:50,bridge0,1407,752,633,6,16,1435914
2025-12-16 22:05:00,bridge0,1038,964,41,4,29,785857
2025-12-16 22:06:10,bridge0,623,573,21,6,23,733145
2025-12-16 22:07:20,bridge0,2498,882,1585,2,29,2453713
2025-12-16 22:08:31,bridge0,3948,421,3512,6,9,4570076
2025-12-16 22:09:41,bridge0,561,520,14,6,21,765469
2025-12-16 22:10:51,bridge0,931,878,43,2,8,954263
2025-12-16 22:12:01,bridge0,2304,410,1878,2,14,2418765
2025-12-16 22:13:11,bridge0,609,467,120,6,16,328269
2025-12-16 22:14:21,bridge0,1115,1007,60,4,44,905964
2025-12-16 22:15:31,bridge0,401,338,22,6,35,275619
2025-12-16 22:16:41,bridge0,413,371,14,2,26,297144
2025-12-16 22:17:52,bridge0,4251,607,3625,6,13,4718968
2025-12-16 22:19:02,bridge0,706,507,168,6,25,407335
2025-12-16 22:20:12,bridge0,441,396,17,2,26,312155
2025-12-16 22:21:22,bridge0,391,357,10,6,18,263536
2025-12-16 22:22:32,bridge0,712,492,197,4,19,541459
2025-12-16 22:23:42,bridge0,1225,862,334,6,23,790489
2025-12-16 22:24:52,bridge0,797,508,258,6,25,869994
2025-12-16 22:26:02,bridge0,636,351,272,0,13,507529
2025-12-16 22:27:12,bridge0,939,740,176,6,17,723638
2025-12-16 22:28:22,bridge0,375,326,16,6,27,274798
2025-12-16 22:29:32,bridge0,504,438,38,6,22,335719
2025-12-16 22:30:43,bridge0,3809,409,3377,6,17,4033308
2025-12-16 22:31:53,bridge0,7525,392,7129,0,4,7424877
2025-12-16 22:33:03,bridge0,361,338,13,4,6,212308
2025-12-16 22:34:13,bridge0,554,453,69,6,26,288790
2025-12-16 22:35:23,bridge0,692,612,32,4,44,466982
2025-12-16 22:36:34,bridge0,2763,640,2107,6,10,2483737
2025-12-16 22:37:44,bridge0,1116,345,760,2,9,880994
2025-12-16 22:38:54,bridge0,3493,776,2695,6,16,3461794
2025-12-16 22:40:04,bridge0,2543,754,1777,5,7,2340733
2025-12-16 22:41:14,bridge0,1284,349,900,4,31,927237
2025-12-16 22:42:24,bridge0,397,13,371,6,7,342186
2025-12-16 22:43:34,bridge0,293,26,237,2,28,210913
2025-12-16 22:44:44,bridge0,54,17,5,6,26,4570
2025-12-16 22:45:54,bridge0,195,167,4,6,18,40267
2025-12-16 22:47:04,bridge0,505,104,380,2,19,258281
2025-12-16 22:48:14,bridge0,267,38,203,6,20,143081
2025-12-16 22:49:25,bridge0,511,294,187,4,26,252015
2025-12-16 22:50:35,bridge0,325,208,86,6,25,75473
2025-12-16 22:51:45,bridge0,103,75,13,6,9,9809
2025-12-16 22:52:55,bridge0,1875,291,1566,0,18,1763659
2025-12-16 22:54:05,bridge0,3207,120,3059,6,22,3352586
2025-12-16 22:55:15,bridge0,1836,188,1599,4,45,1859095
2025-12-16 22:56:25,bridge0,122,39,55,4,24,27615
2025-12-16 22:57:35,bridge0,2754,32,2708,6,8,2724788
2025-12-16 22:58:45,bridge0,80,55,14,2,9,25155
2025-12-16 22:59:55,bridge0,196,165,16,6,9,41142
2025-12-16 23:01:06,bridge0,1589,20,1551,6,12,1611500
2025-12-16 23:02:16,bridge0,3144,24,3091,2,27,3446034
2025-12-16 23:03:26,bridge0,4329,15,4291,4,19,4335722
2025-12-16 23:04:36,bridge0,152,55,64,2,31,26324
2025-12-16 23:05:47,bridge0,12643,12589,44,4,6,12748153
2025-12-16 23:06:57,bridge0,496,355,114,6,21,189531
2025-12-16 23:08:07,bridge0,1330,59,1259,2,10,1108702
2025-12-16 23:09:17,bridge0,598,324,249,6,19,179373
2025-12-16 23:10:27,bridge0,797,718,54,2,23,93495
2025-12-16 23:11:37,bridge0,210,142,44,6,18,32823
2025-12-16 23:12:47,bridge0,406,360,22,6,18,55372
2025-12-16 23:13:57,bridge0,1684,104,1551,2,27,710183
2025-12-16 23:15:07,bridge0,58,32,4,6,16,4921
2025-12-16 23:16:17,bridge0,86,27,30,6,23,27460
2025-12-16 23:17:27,bridge0,396,64,321,2,9,76018
2025-12-16 23:18:38,bridge0,1058,444,588,6,20,618291
2025-12-16 23:19:48,bridge0,643,353,274,4,12,529220
2025-12-16 23:20:58,bridge0,452,326,110,6,10,527468
2025-12-16 23:22:08,bridge0,48,30,6,6,6,4171
2025-12-16 23:23:18,bridge0,131,43,56,0,32,41079
2025-12-16 23:24:28,bridge0,216,118,64,6,28,63393
2025-12-16 23:25:38,bridge0,33,13,1,6,13,2986
2025-12-16 23:26:48,bridge0,162,72,79,4,7,55044
2025-12-16 23:27:58,bridge0,255,188,54,6,7,410624
2025-12-16 23:29:08,bridge0,1741,243,1475,2,21,945388
2025-12-16 23:30:18,bridge0,99,34,39,6,20,32629
2025-12-16 23:31:28,bridge0,86,51,18,6,11,17088
2025-12-16 23:32:38,bridge0,51,12,22,2,15,6288
2025-12-16 23:33:48,bridge0,518,198,277,6,37,463673
2025-12-16 23:34:59,bridge0,84,62,1,4,17,14637
2025-12-16 23:36:09,bridge0,363,192,147,6,18,94573
2025-12-16 23:37:19,bridge0,166,118,4,6,38,14514
2025-12-16 23:38:29,bridge0,109,85,1,0,23,8338
2025-12-16 23:39:39,bridge0,145,111,17,6,11,30541
2025-12-16 23:40:49,bridge0,11126,11091,19,3,13,11265975
2025-12-16 23:42:00,bridge0,946,913,21,4,8,818455
2025-12-16 23:43:10,bridge0,105,45,30,6,24,18832
2025-12-16 23:44:20,bridge0,273,188,41,6,38,109487
2025-12-16 23:45:30,bridge0,54,20,15,2,17,4518
2025-12-17 22:48:04,bridge0,719,564,124,2,29,157213
2025-12-17 22:49:14,bridge0,534,256,257,6,15,698784
2025-12-17 22:50:24,bridge0,204,55,111,1,37,72556
2025-12-17 22:51:34,bridge0,841,126,676,8,31,360937
2025-12-17 22:52:44,bridge0,342,140,164,6,32,119910
2025-12-17 22:53:54,bridge0,215,155,23,0,37,390195
2025-12-17 22:55:04,bridge0,78,33,19,0,26,31004
2025-12-17 22:56:14,bridge0,130,51,41,0,38,43180
2025-12-17 22:57:24,bridge0,154,74,18,3,59,38202
2025-12-17 22:58:34,bridge0,75,32,28,1,14,34504
2025-12-17 22:59:44,bridge0,89,13,26,6,44,9466
2025-12-17 23:00:54,bridge0,184,135,26,6,17,412340
2025-12-17 23:02:04,bridge0,157,77,44,2,34,36217
2025-12-17 23:03:14,bridge0,57,37,8,0,12,5218
2025-12-17 23:04:24,bridge0,336,204,101,6,25,157388
2025-12-17 23:05:35,bridge0,303,228,62,6,7,631611
2025-12-17 23:06:45,bridge0,177,149,12,6,10,503835
2025-12-17 23:07:55,bridge0,218,158,43,2,15,331282
2025-12-17 23:09:05,bridge0,301,241,40,4,16,572719
2025-12-17 23:10:15,bridge0,332,276,27,6,23,426810
2025-12-17 23:11:25,bridge0,225,150,24,9,42,343029
2025-12-17 23:12:35,bridge0,541,200,333,1,7,619807
2025-12-17 23:13:45,bridge0,445,241,196,1,7,698576
2025-12-17 23:14:55,bridge0,256,161,89,0,6,374108
2025-12-17 23:16:05,bridge0,324,246,67,0,11,563803
2025-12-17 23:17:15,bridge0,2484,180,2275,4,25,1826380
2025-12-17 23:18:25,bridge0,181,68,79,4,30,58468
2025-12-17 23:19:35,bridge0,78,31,12,6,29,6305
2025-12-17 23:20:45,bridge0,197,139,21,4,33,400505
2025-12-17 23:21:55,bridge0,116,51,36,4,25,12341
2025-12-17 23:23:06,bridge0,3945,1525,2400,4,16,2493876
2025-12-17 23:24:16,bridge0,381,222,131,3,25,646992
2025-12-17 23:25:26,bridge0,68,19,9,2,38,7683
2025-12-17 23:26:36,bridge0,216,183,19,1,13,498300
2025-12-17 23:27:46,bridge0,204,164,13,2,25,494879
2025-12-17 23:28:56,bridge0,141,122,2,6,11,273544
2025-12-17 23:30:06,bridge0,209,167,20,1,21,398116
2025-12-17 23:31:16,bridge0,169,146,2,1,20,520194
2025-12-17 23:32:26,bridge0,217,175,2,4,36,398772
2025-12-17 23:33:36,bridge0,223,198,8,6,11,397701
2025-12-17 23:34:46,bridge0,441,256,172,3,10,626505
2025-12-17 23:35:56,bridge0,225,155,61,0,9,537713
2025-12-17 23:40:10,bridge0,795,757,14,2,22,68624
2025-12-17 23:41:20,bridge0,3849,196,3621,2,30,3364031
2025-12-17 23:42:30,bridge0,428,11,408,2,7,351545
2025-12-17 23:43:41,bridge0,6034,104,5918,0,12,5661699
2025-12-17 23:44:51,bridge0,7534,127,7372,6,29,5871267
2025-12-17 23:46:01,bridge0,6000,11,5970,6,13,4420654
2025-12-17 23:47:12,bridge0,4451,178,4259,1,13,3230145
2025-12-17 23:48:22,bridge0,5065,48,4977,6,34,3516245
2025-12-17 23:49:32,bridge0,4139,179,3946,1,13,2622180
2025-12-17 23:50:42,bridge0,5139,29,5095,2,13,3545236
2025-12-17 23:51:53,bridge0,4957,199,4726,3,29,3704398
2025-12-17 23:53:03,bridge0,3996,191,3783,2,20,3027088
2025-12-17 23:54:13,bridge0,4373,151,4191,4,27,3050412
2025-12-17 23:55:23,bridge0,3797,153,3597,4,43,2732420
2025-12-17 23:56:34,bridge0,4369,66,4295,1,7,2870069
2025-12-17 23:57:44,bridge0,6984,94,6869,5,16,4932871
2025-12-17 23:58:54,bridge0,4562,53,4498,4,7,3278403
2025-12-18 00:00:05,bridge0,9756,27,9710,6,13,7368196
2025-12-18 00:01:15,bridge0,6846,64,6762,6,14,5140004
2025-12-18 00:02:25,bridge0,8841,118,8673,11,39,6596889
2025-12-18 00:03:36,bridge0,9005,35,8934,1,35,6452512
2025-12-18 00:04:46,bridge0,8283,87,8178,2,16,6155675
2025-12-18 00:05:57,bridge0,9410,88,9307,1,14,7086884
2025-12-18 00:07:07,bridge0,6353,16,6315,6,16,4581411
2025-12-18 00:08:17,bridge0,6990,23,6937,1,29,5040555
2025-12-18 00:09:28,bridge0,6603,21,6558,1,23,4729885
2025-12-18 00:10:38,bridge0,6964,52,6897,2,13,4954928
2025-12-18 00:11:48,bridge0,6317,287,6013,1,16,4486603
2025-12-18 00:12:59,bridge0,9232,75,9124,2,31,6921657
2025-12-18 00:14:09,bridge0,5727,196,5502,2,27,5645221
2025-12-18 00:15:19,bridge0,6392,20,6341,1,30,6083055
2025-12-18 00:16:30,bridge0,9021,17,9000,1,3,8424021
2025-12-18 00:17:40,bridge0,356,163,172,4,17,633914
2025-12-18 00:18:50,bridge0,2322,119,2191,3,9,1990388
2025-12-18 00:20:00,bridge0,54,24,12,2,16,5429
2025-12-18 00:21:10,bridge0,1091,12,1068,6,5,758344
2025-12-18 00:22:20,bridge0,3717,72,3604,4,37,2295912
2025-12-18 00:23:30,bridge0,3261,11,3233,1,16,2343233
2025-12-18 00:24:41,bridge0,1003,137,853,1,12,661647
2025-12-18 00:25:51,bridge0,226,170,38,3,15,412070
2025-12-18 00:27:01,bridge0,5172,31,5131,2,8,3446806
2025-12-18 00:28:11,bridge0,1389,15,1355,6,13,1000779
2025-12-18 00:29:21,bridge0,1120,88,295,12,725,256684
2025-12-18 00:30:31,bridge0,79,9,51,6,13,20230
2025-12-18 00:31:41,bridge0,2318,11,2293,0,14,1449696
2025-12-18 00:32:52,bridge0,2454,132,2293,6,23,2096215
2025-12-18 00:34:02,bridge0,3025,10,2996,1,18,1870481
2025-12-18 00:35:12,bridge0,18,12,0,0,6,1242
2025-12-18 00:36:22,bridge0,83,36,9,4,34,7205
2025-12-18 00:37:32,bridge0,29,13,6,2,8,2019
2025-12-18 00:38:42,bridge0,333,287,29,0,17,238265
2025-12-18 00:39:52,bridge0,3724,118,3589,6,11,2908201
2025-12-18 00:41:02,bridge0,69,14,44,2,9,10133
2025-12-18 00:42:12,bridge0,1046,49,979,4,14,629351
2025-12-18 00:43:22,bridge0,2083,235,1804,3,41,1780511
2025-12-18 00:44:33,bridge0,3355,83,3267,1,4,2291071
2025-12-18 00:45:43,bridge0,8796,58,8733,1,4,5916535
2025-12-18 00:46:53,bridge0,212,158,42,0,12,542657
2025-12-18 00:48:03,bridge0,7213,45,7159,0,9,4950437
2025-12-18 00:49:14,bridge0,897,77,816,0,4,571133
2025-12-18 00:50:24,bridge0,287,97,161,0,29,179924
2025-12-18 00:51:34,bridge0,171,92,65,0,14,113052
2025-12-18 00:52:44,bridge0,11235,23,11209,0,3,7506023
2025-12-18 00:53:55,bridge0,5718,75,5624,0,19,3811845
2025-12-18 00:55:05,bridge0,4324,54,4262,0,8,2920552
2025-12-18 00:56:15,bridge0,111,97,0,0,14,77591
2025-12-18 09:52:48,bridge0,272,245,8,4,15,30372
2025-12-18 09:53:58,bridge0,1370,206,1149,6,9,1386689
2025-12-18 09:55:08,bridge0,153,125,12,2,14,272898
2025-12-18 09:56:18,bridge0,653,251,365,6,31,256276
2025-12-18 09:57:28,bridge0,314,203,82,6,23,533371
2025-12-18 09:58:38,bridge0,33,19,2,3,9,2402
2025-12-18 09:59:48,bridge0,225,153,51,6,15,390478
2025-12-18 10:00:58,bridge0,163,135,6,2,20,521383
2025-12-18 10:02:08,bridge0,555,269,275,6,5,527556
2025-12-18 10:03:18,bridge0,219,123,77,6,13,59857
2025-12-18 10:04:28,bridge0,70,57,1,2,10,5443
2025-12-18 10:05:38,bridge0,88,70,0,6,12,7006
2025-12-18 10:06:48,bridge0,498,266,198,4,30,514594
2025-12-18 10:07:59,bridge0,469,67,380,6,16,279657
2025-12-18 10:09:09,bridge0,331,25,292,6,8,202474
2025-12-18 10:10:19,bridge0,1093,172,894,0,27,1271191
2025-12-18 10:11:29,bridge0,840,3,819,6,12,728853
2025-12-18 10:12:39,bridge0,563,91,457,6,9,404628
2025-12-18 10:13:49,bridge0,175,124,35,4,12,396884
2025-12-18 10:14:59,bridge0,121,31,75,6,9,38558
2025-12-18 10:16:09,bridge0,1454,51,1381,2,20,739048
2025-12-18 10:17:19,bridge0,1144,33,1072,6,33,462776
2025-12-18 10:18:29,bridge0,59,43,2,6,8,4790
2025-12-18 10:19:39,bridge0,67,28,31,2,6,10352
2025-12-18 10:20:49,bridge0,835,104,718,6,7,517059
2025-12-18 10:22:00,bridge0,1399,979,410,4,6,804451
2025-12-18 10:23:10,bridge0,116,6,99,6,5,70567
2025-12-18 10:24:20,bridge0,369,123,220,6,20,152722
2025-12-18 10:25:30,bridge0,815,604,198,0,13,377851
2025-12-18 10:26:40,bridge0,38,15,0,6,17,2973
2025-12-18 10:27:50,bridge0,1517,81,1417,6,13,1442627
2025-12-18 10:29:00,bridge0,40,23,4,4,9,3214
2025-12-18 10:30:10,bridge0,20,7,0,6,7,1571
2025-12-18 10:31:20,bridge0,72,40,11,2,19,9960
2025-12-18 10:32:30,bridge0,159,76,72,6,5,38245
2025-12-18 10:33:40,bridge0,748,61,669,6,12,455393
2025-12-18 10:34:50,bridge0,782,133,636,2,11,812500
2025-12-18 10:36:00,bridge0,525,17,482,6,20,338639
2025-12-18 10:37:10,bridge0,885,32,838,2,13,633376
2025-12-18 10:38:20,bridge0,896,64,802,6,24,616773
2025-12-18 10:39:31,bridge0,801,15,772,6,8,575187
2025-12-18 10:40:41,bridge0,890,10,864,0,16,602835
2025-12-18 10:41:51,bridge0,1130,175,938,6,11,1009718
2025-12-18 10:43:01,bridge0,604,6,583,4,11,410409
2025-12-18 10:44:11,bridge0,833,19,801,6,7,550285
2025-12-18 10:45:21,bridge0,247,32,169,8,38,83494
2025-12-18 10:46:31,bridge0,993,159,806,4,24,979014
2025-12-18 10:47:41,bridge0,1425,179,1228,6,12,1609513
2025-12-18 10:48:51,bridge0,943,198,731,6,8,970102
2025-12-18 10:50:01,bridge0,900,35,856,0,9,622513
2025-12-18 10:51:11,bridge0,1320,18,1291,6,5,775760
2025-12-18 10:52:22,bridge0,879,27,823,6,23,592331
2025-12-18 10:53:32,bridge0,669,5,655,4,5,490133
2025-12-18 10:54:42,bridge0,791,44,736,6,5,611456
2025-12-18 10:55:52,bridge0,944,146,775,2,21,1021193
2025-12-18 10:57:02,bridge0,678,39,608,6,25,469783
2025-12-18 10:58:12,bridge0,873,8,847,6,12,635778
2025-12-18 10:59:22,bridge0,830,29,777,2,22,550687
2025-12-18 11:00:32,bridge0,3826,318,3492,6,10,2952912
2025-12-18 11:01:42,bridge0,2603,34,2557,4,8,2797938
2025-12-18 11:02:52,bridge0,123,109,0,6,8,387130
2025-12-18 11:04:03,bridge0,3048,8,3029,5,6,3314415
2025-12-18 11:05:13,bridge0,4326,283,4017,2,24,3490909
2025-12-18 11:06:23,bridge0,989,24,935,6,24,636409
2025-12-18 11:07:33,bridge0,716,53,636,4,23,407596
2025-12-18 11:08:43,bridge0,1000,234,753,6,7,764017
2025-12-18 11:09:53,bridge0,657,71,575,6,5,371028
2025-12-18 11:11:03,bridge0,961,105,847,0,9,580967
2025-12-18 11:12:13,bridge0,1713,193,1509,6,5,1690692
2025-12-18 11:13:24,bridge0,1008,33,946,6,23,631458
2025-12-18 11:14:34,bridge0,1121,40,1072,4,5,743278
2025-12-18 11:15:44,bridge0,1132,129,976,6,21,999520
2025-12-18 11:16:54,bridge0,1143,8,1118,2,15,741200
2025-12-18 11:18:04,bridge0,927,16,892,6,13,577693
2025-12-18 11:19:14,bridge0,1894,26,1853,5,10,1446547
2025-12-18 11:20:24,bridge0,1872,1,1849,2,20,1562856
2025-12-18 11:21:34,bridge0,2186,14,2160,6,6,1871418
2025-12-18 11:22:44,bridge0,2119,160,1950,2,7,1864087
2025-12-18 11:23:55,bridge0,3539,60,3467,5,7,2837957
2025-12-18 11:25:05,bridge0,1065,9,1038,6,12,737576
2025-12-18 11:26:15,bridge0,1098,28,1043,2,25,678237
2025-12-18 11:27:25,bridge0,1089,12,1030,6,41,670174
2025-12-18 11:28:35,bridge0,1226,70,1147,4,5,861409
2025-12-18 11:29:45,bridge0,1077,133,929,6,9,1007124
2025-12-18 11:30:55,bridge0,881,4,864,6,7,583802
2025-12-18 11:32:05,bridge0,957,5,943,0,9,618985
2025-12-18 11:33:15,bridge0,856,11,832,6,7,500717
2025-12-18 11:34:25,bridge0,2798,240,2531,6,21,1828737
2025-12-18 11:35:36,bridge0,1017,188,801,8,20,1044848
2025-12-18 11:36:46,bridge0,1421,433,964,6,18,1280013
2025-12-18 11:37:56,bridge0,595,557,17,2,19,52648
2025-12-18 11:39:06,bridge0,1390,1343,31,6,10,141151
2025-12-18 11:40:16,bridge0,2530,229,2282,6,13,1951875
2025-12-18 11:41:26,bridge0,3247,4,3217,3,23,2739277
2025-12-18 11:42:36,bridge0,2694,22,2657,5,10,2246892
2025-12-18 11:43:47,bridge0,2453,132,2309,2,10,2461285
2025-12-18 11:44:57,bridge0,1284,563,702,6,13,604884
2025-12-18 11:46:07,bridge0,5575,170,5373,6,26,4308947
2025-12-18 11:47:17,bridge0,3295,356,2918,2,19,2614175
2025-12-18 11:48:27,bridge0,3207,534,2651,4,18,2459436
2025-12-18 11:49:38,bridge0,3877,19,3847,2,9,3346640
2025-12-18 11:50:48,bridge0,4858,723,4118,5,12,4170619
2025-12-18 11:51:58,bridge0,4008,379,3618,6,5,3142797
2025-12-18 11:53:08,bridge0,3441,437,2995,2,7,2713731
2025-12-18 11:54:18,bridge0,4678,909,3747,6,16,3436058
2025-12-18 11:55:29,bridge0,2821,19,2770,2,30,2426394
2025-12-18 11:56:39,bridge0,3203,35,3122,4,42,2645267
2025-12-18 11:57:49,bridge0,2696,258,2427,5,6,2573164
2025-12-18 11:58:59,bridge0,685,54,617,2,12,424321
2025-12-18 12:00:09,bridge0,2119,31,2075,6,7,1693833
2025-12-18 12:01:19,bridge0,712,76,606,4,26,553293
2025-12-18 12:02:29,bridge0,312,51,248,6,7,204672
2025-12-18 12:03:39,bridge0,73,54,2,6,11,8242
2025-12-18 12:04:50,bridge0,5188,479,4696,0,13,3560125
2025-12-18 12:06:00,bridge0,842,3,802,6,31,583804
2025-12-18 12:07:10,bridge0,783,28,731,6,18,584372
2025-12-18 12:08:20,bridge0,407,12,363,4,28,245755
2025-12-18 12:09:30,bridge0,482,11,458,6,7,339837
2025-12-18 12:10:40,bridge0,697,74,606,2,15,444261
2025-12-18 12:11:50,bridge0,731,174,538,6,13,825889
2025-12-18 12:13:00,bridge0,1103,228,852,6,17,649706
2025-12-18 12:14:10,bridge0,780,55,715,4,6,470875
2025-12-18 12:15:20,bridge0,855,139,674,6,36,548251
2025-12-18 12:16:30,bridge0,761,116,625,2,18,491969
2025-12-18 12:17:41,bridge0,645,97,527,6,15,391678
2025-12-18 12:18:51,bridge0,654,155,483,6,10,763930
2025-12-18 12:20:01,bridge0,555,28,514,2,11,394543
2025-12-18 12:21:11,bridge0,536,9,498,6,23,379924
2025-12-18 12:22:21,bridge0,522,26,467,4,25,342108
2025-12-18 12:23:31,bridge0,490,5,471,6,8,355276
2025-12-18 12:24:41,bridge0,749,8,701,6,34,558563
2025-12-18 12:25:51,bridge0,784,146,605,0,33,853051
2025-12-18 12:27:01,bridge0,809,33,758,6,12,588454
2025-12-18 12:28:11,bridge0,728,8,693,6,21,456088
2025-12-18 12:29:21,bridge0,3736,30,3695,4,7,3241628
2025-12-18 12:30:32,bridge0,5903,117,5778,4,4,4762494
2025-12-18 12:31:42,bridge0,811,15,782,2,12,580022
2025-12-18 12:32:52,bridge0,2346,325,2007,6,8,1913606
2025-12-18 12:34:02,bridge0,705,10,676,6,13,534684
2025-12-18 12:35:12,bridge0,866,46,784,4,32,560269
2025-12-18 12:36:22,bridge0,571,5,524,4,38,427345
2025-12-18 12:37:32,bridge0,855,313,529,2,11,429432
2025-12-18 12:38:42,bridge0,833,342,472,6,13,378282
2025-12-18 12:39:52,bridge0,2124,115,1991,6,12,1872097
2025-12-18 12:41:03,bridge0,1099,366,718,2,13,557459
2025-12-18 12:42:13,bridge0,1134,397,714,6,17,551419
2025-12-18 12:43:23,bridge0,1081,369,676,4,32,584366
2025-12-18 12:44:33,bridge0,1144,42,1075,6,21,847924
2025-12-18 12:45:43,bridge0,826,179,615,6,26,760189
2025-12-18 12:46:53,bridge0,1080,439,618,0,23,593094
2025-12-18 12:48:03,bridge0,1134,586,529,6,13,498519
2025-12-18 12:49:13,bridge0,1241,451,773,6,11,735669
2025-12-18 12:50:23,bridge0,808,323,450,4,31,429754
2025-12-18 12:51:34,bridge0,1171,379,761,6,25,616757
2025-12-18 12:52:44,bridge0,853,146,702,0,5,881185
2025-12-18 12:53:54,bridge0,584,32,534,6,12,445759
2025-12-18 12:55:04,bridge0,735,144,563,6,22,516277
2025-12-18 12:56:14,bridge0,1217,220,968,4,25,1015616
2025-12-18 12:57:24,bridge0,4925,921,3963,6,35,3191560
2025-12-18 12:58:34,bridge0,670,36,625,2,7,461810
2025-12-18 12:59:44,bridge0,925,173,733,6,13,986174
2025-12-18 13:00:54,bridge0,844,439,386,4,15,330518
2025-12-18 13:02:04,bridge0,443,13,413,2,15,321478
2025-12-18 13:03:11,bridge0,1072,507,557,0,8,978896
2025-12-18 15:24:49,bridge0,436,417,6,2,11,52478
2025-12-18 15:30:24,bridge0,58,23,2,6,27,5088
2025-12-18 15:31:34,bridge0,61,33,9,6,13,6129
2025-12-18 15:32:44,bridge0,128,89,10,2,27,271338
2025-12-18 15:33:54,bridge0,783,114,655,6,8,786436
2025-12-18 15:35:05,bridge0,1470,201,1237,4,28,1443075
2025-12-18 15:36:15,bridge0,163,143,0,6,14,522947
2025-12-18 15:37:25,bridge0,9633,7045,2557,19,12,5741229
2025-12-18 15:38:35,bridge0,346,320,15,2,9,543300
2025-12-18 15:39:45,bridge0,201,167,15,6,13,442586
2025-12-18 15:40:55,bridge0,674,512,123,4,35,388148
2025-12-18 15:42:05,bridge0,519,302,197,6,14,553763
2025-12-18 15:43:16,bridge0,197,97,79,6,15,72025
2025-12-18 15:44:26,bridge0,641,164,458,0,19,252224
2025-12-18 15:45:36,bridge0,443,104,313,6,20,44060
2025-12-18 15:46:46,bridge0,539,519,0,6,14,46383
2025-12-18 15:47:56,bridge0,845,730,70,4,41,79092
