timestamp,iface,capture_time_s,total_pkts,tcp,udp,icmp,other,total_bytes
2025-12-20 20:53:33,bridge0,10,365,338,12,6,9,1384706
2025-12-20 20:54:55,bridge0,10,479,466,0,4,9,2231370
2025-12-20 20:56:11,bridge0,10,625,295,314,6,10,877006
2025-12-20 20:57:26,bridge0,10,266,246,7,6,7,805186
2025-12-20 20:58:40,bridge0,10,424,290,111,8,15,389108
2025-12-20 20:59:53,bridge0,10,308,291,2,8,7,322361
2025-12-20 21:01:07,bridge0,10,374,349,14,1,10,445345
2025-12-20 21:02:20,bridge0,10,230,197,5,16,12,251245
2025-12-20 21:03:33,bridge0,10,244,190,38,9,7,265074
2025-12-20 21:04:45,bridge0,10,225,215,4,2,4,265011
2025-12-20 21:05:58,bridge0,10,174,156,1,8,9,150578
2025-12-20 21:07:10,bridge0,10,215,187,21,2,5,166820
2025-12-20 21:08:23,bridge0,10,218,199,4,9,6,256053
2025-12-20 21:09:37,bridge0,10,338,295,11,19,13,439355
2025-12-20 21:10:53,bridge0,10,2108,2024,72,2,10,2218610
2025-12-20 21:12:05,bridge0,10,772,105,652,8,7,570531
2025-12-20 21:13:34,bridge0,10,13446,13154,269,13,10,12276006
2025-12-20 21:14:47,bridge0,10,314,281,8,15,10,375439
2025-12-20 21:15:59,bridge0,10,131,111,1,11,8,10653
2025-12-20 21:17:11,bridge0,10,145,126,6,6,7,16850
2025-12-20 21:18:23,bridge0,10,115,96,4,8,7,9603
2025-12-20 21:19:35,bridge0,10,214,187,8,10,9,125905
2025-12-20 21:20:48,bridge0,10,287,267,6,4,10,387167
2025-12-20 21:21:59,bridge0,10,141,96,27,8,10,17308
2025-12-20 21:23:11,bridge0,10,269,214,22,19,14,97937
2025-12-20 21:24:23,bridge0,10,111,90,4,11,6,9007
2025-12-20 21:25:35,bridge0,10,121,92,10,8,11,10981
2025-12-20 21:26:48,bridge0,10,318,269,34,6,9,406810
2025-12-20 21:28:00,bridge0,10,144,128,5,4,7,24510
2025-12-20 21:29:12,bridge0,10,102,89,2,6,5,8376
2025-12-20 21:30:24,bridge0,10,109,87,4,8,10,8788
2025-12-20 21:31:35,bridge0,10,126,92,2,21,11,10181
2025-12-20 21:32:49,bridge0,10,324,302,8,6,8,422242
2025-12-20 21:34:01,bridge0,10,104,92,3,2,7,8225
2025-12-20 21:35:12,bridge0,10,112,93,2,8,9,9172
2025-12-20 21:36:24,bridge0,10,107,92,4,4,7,8850
2025-12-20 21:37:36,bridge0,10,254,221,13,10,10,63095
2025-12-20 21:38:50,bridge0,10,389,372,0,3,14,539974
2025-12-20 21:40:05,bridge0,10,879,295,567,10,7,1021478
2025-12-20 21:41:24,bridge0,10,6541,213,6315,8,5,4986926
2025-12-20 21:42:38,bridge0,10,2499,183,2288,20,8,1781210
2025-12-20 21:43:53,bridge0,10,2409,176,2218,8,7,1922108
2025-12-20 21:45:08,bridge0,10,2591,87,2485,5,14,1898858
2025-12-20 21:46:22,bridge0,10,2392,87,2290,8,7,1734504
2025-12-20 21:47:36,bridge0,10,2495,223,2250,9,13,1751133
2025-12-20 21:48:51,bridge0,10,2585,223,2353,2,7,2052442
2025-12-20 21:50:05,bridge0,10,2272,88,2173,2,9,1635183
2025-12-20 21:51:19,bridge0,10,2507,113,2380,7,7,1818772
2025-12-20 21:52:33,bridge0,10,2025,87,1914,16,8,1449615
2025-12-20 21:53:46,bridge0,10,1885,82,1792,4,7,1370459
2025-12-20 21:55:00,bridge0,10,2110,88,2007,6,9,1573297
2025-12-20 21:56:14,bridge0,10,2235,100,2120,10,5,1647010
2025-12-20 21:57:28,bridge0,10,2104,86,2006,4,8,1495170
2025-12-20 21:58:42,bridge0,10,2494,88,2374,19,13,1811213
2025-12-20 21:59:56,bridge0,10,2120,177,1929,7,7,1680537
2025-12-20 22:01:11,bridge0,10,2513,97,2406,0,10,1852869
2025-12-20 22:02:25,bridge0,10,2347,91,2245,6,5,1746949
2025-12-20 22:03:40,bridge0,10,2294,210,2069,7,8,1832577
2025-12-20 22:04:55,bridge0,10,2474,224,2228,15,7,1962436
2025-12-20 22:06:09,bridge0,10,1688,89,1591,1,7,1201330
2025-12-20 22:07:23,bridge0,10,2744,96,2630,6,12,2018434
2025-12-20 22:08:37,bridge0,10,2243,101,2127,7,8,1641567
2025-12-20 22:09:52,bridge0,10,2135,173,1957,0,5,1752362
2025-12-20 22:11:06,bridge0,10,2436,94,2327,8,7,1778311
2025-12-20 22:12:19,bridge0,10,1834,91,1724,11,8,1290888
2025-12-20 22:13:33,bridge0,10,2594,156,2426,2,10,1893105
2025-12-20 22:14:47,bridge0,10,2410,89,2302,11,8,1813918
2025-12-20 22:16:01,bridge0,10,2526,242,2271,6,7,1853556
2025-12-20 22:17:17,bridge0,10,2572,213,2346,8,5,2143275
2025-12-20 22:18:31,bridge0,10,2271,229,2034,0,8,1645459
2025-12-20 22:19:48,bridge0,10,4511,762,3721,16,12,3253794
2025-12-20 22:21:03,bridge0,10,2878,269,2596,6,7,2033354
2025-12-20 22:22:17,bridge0,10,2249,116,2116,6,11,1594417
2025-12-20 22:23:31,bridge0,10,2487,159,2319,0,9,1862054
2025-12-20 22:24:54,bridge0,10,11063,133,10910,7,13,8479912
2025-12-20 22:26:18,bridge0,10,11675,156,11505,4,10,8723005
2025-12-20 22:27:48,bridge0,10,16886,180,16693,6,7,12434763
2025-12-20 22:29:08,bridge0,10,8468,298,8146,11,13,6236389
2025-12-20 22:30:22,bridge0,10,448,418,16,6,8,493328
2025-12-20 22:31:34,bridge0,10,349,279,56,6,8,77221
2025-12-20 22:32:47,bridge0,10,580,494,72,2,12,430762
2025-12-20 22:34:11,bridge0,10,11905,121,11768,6,10,8774907
2025-12-20 22:35:23,bridge0,10,185,131,41,1,12,31593
2025-12-20 22:36:35,bridge0,10,211,166,25,7,13,43057
2025-12-20 22:37:48,bridge0,10,271,242,20,0,9,265032
2025-12-20 22:39:10,bridge0,10,10353,140,10199,6,8,7655546
2025-12-20 22:40:22,bridge0,10,136,113,12,5,6,15736
2025-12-20 22:41:34,bridge0,10,462,152,285,14,11,202158
2025-12-20 22:42:47,bridge0,10,290,257,17,1,15,265304
2025-12-20 22:44:13,bridge0,10,13783,171,13599,6,7,10116849
2025-12-20 22:45:25,bridge0,10,236,194,27,6,9,89543
2025-12-20 22:48:02,bridge0,10,67184,254,66905,9,16,78633864
2025-12-20 22:49:15,bridge0,10,184,107,62,4,11,34942
2025-12-20 22:50:28,bridge0,10,1289,220,1045,8,16,839387
2025-12-20 22:51:42,bridge0,10,3307,165,3125,3,14,2448278
2025-12-20 22:52:57,bridge0,10,1619,387,1213,7,12,1151757
2025-12-20 22:54:09,bridge0,10,125,100,2,10,13,10148
2025-12-20 22:55:21,bridge0,10,472,324,143,0,5,245023
2025-12-20 22:56:33,bridge0,10,238,130,95,6,7,48855
2025-12-20 22:57:45,bridge0,10,1242,118,1115,2,7,785495
2025-12-20 22:58:57,bridge0,10,167,141,11,8,7,21791
2025-12-20 23:00:09,bridge0,10,142,97,34,6,5,25039
2025-12-20 23:01:20,bridge0,10,119,89,2,13,15,9695
2025-12-20 23:02:32,bridge0,10,253,208,28,10,7,41140
2025-12-20 23:03:44,bridge0,10,127,108,4,7,8,10451
2025-12-20 23:04:56,bridge0,10,314,179,120,7,8,46475
2025-12-20 23:06:08,bridge0,10,198,186,2,4,6,30059
2025-12-20 23:07:20,bridge0,10,119,99,4,8,8,9945
2025-12-20 23:08:32,bridge0,10,268,147,112,4,5,70437
2025-12-20 23:09:43,bridge0,10,237,208,0,19,10,32600
2025-12-20 23:10:55,bridge0,10,210,125,65,12,8,47896
2025-12-20 23:12:07,bridge0,10,190,150,23,6,11,27322
2025-12-20 23:13:19,bridge0,10,212,91,108,6,7,85245
2025-12-20 23:14:31,bridge0,10,123,95,5,10,13,10109
2025-12-20 23:15:43,bridge0,10,236,116,103,4,13,86269
2025-12-20 23:16:56,bridge0,10,235,212,5,6,12,275437
2025-12-20 23:18:13,bridge0,10,5576,143,5407,13,13,3703899
2025-12-20 23:19:28,bridge0,10,3070,129,2927,6,8,1746481
2025-12-20 23:20:42,bridge0,10,2872,119,2738,8,7,1566517
2025-12-20 23:21:57,bridge0,10,2610,195,2404,6,5,1597157
2025-12-20 23:23:10,bridge0,10,527,191,311,11,14,170869
2025-12-20 23:24:24,bridge0,10,3006,168,2814,12,12,1687415
2025-12-20 23:25:39,bridge0,10,2966,122,2813,18,13,1599939
2025-12-20 23:26:54,bridge0,10,3064,280,2773,6,5,1944467
2025-12-20 23:28:09,bridge0,10,2885,126,2747,4,8,1628476
2025-12-20 23:29:24,bridge0,10,3141,121,3007,6,7,1731417
2025-12-20 23:30:38,bridge0,10,2705,104,2561,25,15,1472300
2025-12-20 23:31:54,bridge0,10,3238,221,2997,9,11,2043766
2025-12-20 23:33:09,bridge0,10,3216,118,3078,7,13,1905726
2025-12-20 23:34:24,bridge0,10,3184,211,2962,4,7,1766749
2025-12-20 23:35:40,bridge0,10,3380,315,3046,8,11,2207562
2025-12-20 23:37:19,bridge0,10,23792,430,23338,11,13,17858976
2025-12-20 23:38:34,bridge0,10,2971,161,2799,6,5,1730366
2025-12-20 23:39:50,bridge0,10,3130,294,2825,2,9,2006092
2025-12-20 23:41:11,bridge0,10,8997,455,8518,13,11,6118721
2025-12-20 23:42:25,bridge0,10,2961,158,2788,9,6,1722235
2025-12-20 23:43:40,bridge0,10,3237,158,3064,9,6,1869395
2025-12-20 23:44:56,bridge0,10,2818,221,2584,8,5,1888303
2025-12-20 23:46:10,bridge0,10,2813,105,2699,4,5,1591499
2025-12-20 23:47:24,bridge0,10,2550,102,2418,18,12,1402471
2025-12-20 23:48:39,bridge0,10,3126,129,2973,16,8,1855750
2025-12-20 23:49:55,bridge0,10,2817,265,2541,6,5,1801881
2025-12-20 23:51:09,bridge0,10,2837,102,2727,2,6,1636604
2025-12-20 23:52:23,bridge0,10,2823,118,2693,4,8,1565938
2025-12-20 23:53:38,bridge0,10,3497,142,3326,21,8,2072678
2025-12-20 23:54:54,bridge0,10,2801,246,2535,13,7,1729717
2025-12-20 23:56:09,bridge0,10,3092,186,2895,4,7,1781868
2025-12-20 23:57:23,bridge0,10,2930,106,2815,4,5,1691181
2025-12-20 23:58:38,bridge0,10,2736,121,2598,11,6,1469179
2025-12-20 23:59:54,bridge0,10,3008,344,2637,13,14,2320319
2025-12-21 00:01:08,bridge0,10,2901,123,2752,16,10,2090081
2025-12-21 00:02:22,bridge0,10,1956,95,1848,2,11,1317627
2025-12-21 00:03:36,bridge0,10,2584,138,2425,8,13,1760817
2025-12-21 00:04:51,bridge0,10,2189,334,1839,9,7,1652633
2025-12-21 00:06:07,bridge0,10,3781,183,3588,2,8,2730413
2025-12-21 00:24:26,bridge0,10,1182,613,548,6,15,849715
2025-12-21 00:25:42,bridge0,10,4280,190,4061,13,16,2602889
2025-12-21 00:26:58,bridge0,10,3501,452,3027,2,20,2299787
2025-12-21 00:28:13,bridge0,10,3376,279,3077,3,17,1913120
2025-12-21 00:29:28,bridge0,10,2912,120,2768,6,18,1579371
2025-12-21 00:30:43,bridge0,10,3486,115,3345,9,17,2123688
2025-12-21 00:32:00,bridge0,10,3874,270,3583,6,15,2545133
2025-12-21 00:33:15,bridge0,10,3110,121,2970,4,15,1767395
2025-12-21 00:34:29,bridge0,10,2999,123,2857,5,14,1781321
2025-12-21 00:35:44,bridge0,10,3205,166,3014,11,14,1909491
2025-12-21 00:37:01,bridge0,10,4602,195,4377,14,16,2934336
2025-12-21 00:38:15,bridge0,10,2913,160,2737,6,10,1764934
2025-12-21 00:39:32,bridge0,10,4820,133,4678,2,7,3193425
2025-12-21 00:40:48,bridge0,10,4322,1461,2840,11,10,2881384
2025-12-21 00:42:04,bridge0,10,3800,869,2918,8,5,2640158
2025-12-21 00:43:20,bridge0,10,3765,447,3307,6,5,2327160
2025-12-21 00:44:34,bridge0,10,2865,194,2658,6,7,1785928
2025-12-21 00:45:50,bridge0,10,3224,360,2849,4,11,2256144
2025-12-21 00:47:06,bridge0,10,3493,244,3229,9,11,2154299
2025-12-21 00:48:21,bridge0,10,3342,322,3003,6,11,2024507
2025-12-21 00:49:36,bridge0,10,3874,543,3313,11,7,2456065
2025-12-21 00:51:00,bridge0,10,9996,508,9477,6,5,7673870
2025-12-21 00:52:34,bridge0,10,18009,6596,11386,15,12,15609954
2025-12-21 00:53:53,bridge0,10,4572,2633,1926,4,9,4209750
2025-12-21 00:55:12,bridge0,10,5856,2535,3312,2,7,4909778
2025-12-21 00:56:32,bridge0,10,6678,2590,4062,14,12,5521509
2025-12-21 00:57:50,bridge0,10,5195,2566,2616,6,7,4489006
2025-12-21 00:59:10,bridge0,10,5979,2663,3305,6,5,5175824
2025-12-21 01:00:28,bridge0,10,4569,2503,2055,6,5,3951699
2025-12-21 01:01:48,bridge0,10,5373,2813,2542,11,7,4895273
2025-12-21 01:03:07,bridge0,10,5247,2602,2625,13,7,4389181
2025-12-21 01:04:25,bridge0,10,4699,2588,2098,6,7,4130061
2025-12-21 01:05:43,bridge0,10,5202,2699,2488,7,8,4328143
2025-12-21 01:07:02,bridge0,10,4728,2548,2152,17,11,4240669
2025-12-21 01:08:20,bridge0,10,4550,2597,1942,6,5,3972912
2025-12-21 01:09:38,bridge0,10,4392,2480,1897,6,9,3911249
2025-12-21 01:10:57,bridge0,10,4658,2560,2082,6,10,4261686
2025-12-21 01:12:15,bridge0,10,4636,2458,2163,8,7,4092199
2025-12-21 01:13:33,bridge0,10,4717,2466,2238,6,7,4220156
2025-12-21 01:14:53,bridge0,10,4883,2570,2290,11,12,4565397
2025-12-21 01:16:12,bridge0,10,5558,3515,2030,6,7,4961361
2025-12-21 01:17:32,bridge0,10,4576,2611,1946,9,10,4419941
2025-12-21 01:18:50,bridge0,10,4773,2595,2155,17,6,4098839
2025-12-21 01:20:08,bridge0,10,4669,2508,2151,2,8,4095395
2025-12-21 01:21:26,bridge0,10,4647,2508,2128,2,9,4034456
2025-12-21 01:22:42,bridge0,10,2306,245,2046,6,9,1578980
2025-12-21 01:23:58,bridge0,10,2636,438,2185,6,7,1906286
2025-12-21 01:25:12,bridge0,10,2241,214,2014,6,7,1184989
2025-12-21 01:26:26,bridge0,10,2274,213,2049,6,6,1203099
2025-12-21 01:27:40,bridge0,10,2266,185,2064,6,11,1185994
2025-12-21 01:28:55,bridge0,10,2752,345,2391,8,8,1791639
2025-12-21 01:30:10,bridge0,10,2623,209,2398,6,10,1451660
2025-12-21 01:31:24,bridge0,10,2326,182,2133,6,5,1239503
2025-12-21 01:32:39,bridge0,10,2357,264,2081,2,10,1485005
2025-12-21 01:33:54,bridge0,10,2475,365,2098,6,6,1559291
2025-12-21 01:35:09,bridge0,10,2573,268,2286,9,10,1377035
2025-12-21 01:36:27,bridge0,10,4770,2651,2106,8,5,4296271
2025-12-21 01:37:44,bridge0,10,4581,2485,2082,8,6,4069453
2025-12-21 01:39:02,bridge0,10,4411,2519,1881,6,5,3966728
2025-12-21 01:40:20,bridge0,10,4448,2538,1883,17,10,3986773
2025-12-21 01:41:38,bridge0,10,4753,2538,2202,6,7,4206220
2025-12-21 01:42:57,bridge0,10,4666,2599,2056,4,7,4388351
2025-12-21 01:44:15,bridge0,10,5059,2646,2400,6,7,4370071
2025-12-21 01:45:33,bridge0,10,4638,2534,2093,6,5,4154273
2025-12-21 01:46:52,bridge0,10,4613,2574,2028,6,5,4243219
2025-12-21 01:48:11,bridge0,10,5526,2632,2881,8,5,4712554
2025-12-21 01:49:29,bridge0,10,4883,2696,2173,6,8,4192080
2025-12-21 01:50:47,bridge0,10,4720,2575,2123,15,7,4147469
2025-12-21 01:52:05,bridge0,10,4798,2594,2191,6,7,4154733
2025-12-21 01:53:22,bridge0,10,4650,2664,1973,8,5,4105988
2025-12-21 01:54:40,bridge0,10,4611,2572,2024,7,8,4107494
2025-12-21 01:55:59,bridge0,10,4674,2755,1905,8,6,4310188
2025-12-21 01:57:17,bridge0,10,4340,2492,1831,10,7,3951725
2025-12-21 01:58:35,bridge0,10,4371,2391,1968,6,6,3943165
2025-12-21 01:59:54,bridge0,10,4409,2554,1834,11,10,4219728
2025-12-21 02:01:12,bridge0,10,4500,2496,1981,9,14,3990986
2025-12-21 02:02:30,bridge0,10,4541,2535,1992,7,7,4004700
2025-12-21 02:03:47,bridge0,10,4546,2426,2102,8,10,3973811
2025-12-21 02:05:05,bridge0,10,4570,2472,2086,6,6,3953034
2025-12-21 02:06:23,bridge0,10,4588,2516,2059,8,5,4012516
2025-12-21 02:07:41,bridge0,10,4812,2541,2246,16,9,4139368
2025-12-21 02:09:00,bridge0,10,4481,2602,1868,6,5,4183808
2025-12-21 02:10:18,bridge0,10,4656,2617,2024,6,9,3959308
2025-12-21 02:11:36,bridge0,10,4777,2581,2185,6,5,4083045
2025-12-21 02:12:55,bridge0,10,4429,2665,1751,6,7,4235041
2025-12-21 02:14:13,bridge0,10,4485,2516,1955,8,6,4075469
2025-12-21 02:15:31,bridge0,10,4566,2504,2051,6,5,4035458
2025-12-21 02:16:49,bridge0,10,4766,2592,2158,8,8,4269071
2025-12-21 02:18:07,bridge0,10,4848,2478,2341,16,13,4168451
2025-12-21 02:19:25,bridge0,10,4700,2511,2174,6,9,4136152
2025-12-21 02:20:43,bridge0,10,4838,2490,2327,10,11,4201307
2025-12-21 02:22:03,bridge0,10,4864,2574,2279,6,5,4590975
2025-12-21 02:23:20,bridge0,10,4466,2382,2071,7,6,3907008
2025-12-21 02:24:38,bridge0,10,4485,2438,2036,6,5,3990286
2025-12-21 02:25:57,bridge0,10,5056,2885,2159,6,6,4446629
2025-12-21 02:27:14,bridge0,10,4108,2388,1705,6,9,3715745
2025-12-21 02:28:32,bridge0,10,4605,2449,2123,21,12,4119250
2025-12-21 02:29:50,bridge0,10,4415,2467,1922,12,14,3925702
2025-12-21 02:31:08,bridge0,10,4454,2443,1997,6,8,3936959
2025-12-21 02:32:26,bridge0,10,4624,2509,2104,6,5,4024008
2025-12-21 02:33:39,bridge0,10,2226,180,2027,13,6,1091515
2025-12-21 02:34:55,bridge0,10,2376,242,2126,0,8,1546344
2025-12-21 02:36:09,bridge0,10,2208,167,2031,4,6,1117887
2025-12-21 02:37:22,bridge0,10,1986,104,1869,6,7,984193
2025-12-21 02:38:36,bridge0,10,2122,109,1995,10,8,1092180
2025-12-21 02:39:51,bridge0,10,2377,227,2138,5,7,1630931
2025-12-21 02:41:05,bridge0,10,1824,116,1690,8,10,872707
2025-12-21 02:42:18,bridge0,10,2031,98,1920,8,5,1026973
2025-12-21 02:43:32,bridge0,10,2409,94,2303,2,10,1442565
2025-12-21 02:44:46,bridge0,10,2172,206,1940,14,12,1095486
2025-12-21 02:46:04,bridge0,10,6234,282,5939,6,7,4499266
2025-12-21 02:47:17,bridge0,10,1608,237,1342,19,10,1103411
2025-12-21 02:48:31,bridge0,10,1858,99,1751,2,6,1346957
2025-12-21 02:49:45,bridge0,10,2336,134,2185,7,10,1700800
2025-12-21 02:50:58,bridge0,10,2010,109,1890,6,5,1433243
2025-12-21 02:52:11,bridge0,10,1084,121,954,4,5,737489
2025-12-21 02:53:24,bridge0,10,1069,90,958,13,8,689613
2025-12-21 02:54:41,bridge0,10,5488,249,5220,9,10,3923516
2025-12-21 02:55:55,bridge0,10,1148,243,894,2,9,1064603
2025-12-21 02:57:07,bridge0,10,288,90,183,8,7,138188
2025-12-21 02:58:19,bridge0,10,266,111,144,6,5,106885
2025-12-21 02:59:31,bridge0,10,208,192,5,6,5,93669
2025-12-21 03:00:44,bridge0,10,1188,101,1070,9,8,781168
2025-12-21 03:01:56,bridge0,10,601,100,482,10,9,365536
2025-12-21 03:03:08,bridge0,10,197,172,12,6,7,39797
2025-12-21 03:04:20,bridge0,10,201,139,53,2,7,44938
2025-12-21 03:05:31,bridge0,10,136,120,2,6,8,11262
2025-12-21 03:06:43,bridge0,10,132,123,0,1,8,19963
2025-12-21 03:07:57,bridge0,10,416,290,113,6,7,475433
2025-12-21 03:09:09,bridge0,10,124,94,18,6,6,14740
2025-12-21 03:10:20,bridge0,10,219,164,38,11,6,46333
2025-12-21 03:11:33,bridge0,10,455,338,104,6,7,195960
2025-12-21 03:12:44,bridge0,10,183,127,42,6,8,41243
2025-12-21 03:13:57,bridge0,10,569,110,448,6,5,311170
2025-12-21 03:15:09,bridge0,10,603,142,450,4,7,356768
2025-12-21 03:16:21,bridge0,10,637,496,125,10,6,377725
2025-12-21 03:17:33,bridge0,10,183,169,0,4,10,25230
2025-12-21 03:18:45,bridge0,10,218,161,30,17,10,43349
2025-12-21 03:19:57,bridge0,10,167,158,4,0,5,32893
2025-12-21 03:21:08,bridge0,10,133,107,15,6,5,13024
2025-12-21 03:22:20,bridge0,10,436,387,38,4,7,159011
2025-12-21 03:23:32,bridge0,10,110,93,2,6,9,8949
2025-12-21 03:24:50,bridge0,10,6231,105,6106,8,12,4499694
2025-12-21 03:26:02,bridge0,10,200,156,35,2,7,48718
2025-12-21 03:27:14,bridge0,10,391,335,43,6,7,140762
2025-12-21 03:28:26,bridge0,10,814,142,662,4,6,486240
2025-12-21 03:29:42,bridge0,10,1651,312,1324,9,6,1527635
2025-12-21 03:30:57,bridge0,10,2916,74,2829,8,5,2193030
2025-12-21 03:32:11,bridge0,10,2282,81,2186,9,6,1730591
2025-12-21 03:33:23,bridge0,10,898,111,777,2,8,583923
2025-12-21 03:34:37,bridge0,10,2002,84,1904,8,6,1495853
2025-12-21 03:35:51,bridge0,10,1064,183,870,4,7,1062299
2025-12-21 03:37:05,bridge0,10,1722,78,1633,4,7,1284842
2025-12-21 03:38:18,bridge0,10,1451,85,1353,6,7,1047319
2025-12-21 03:39:30,bridge0,10,803,76,693,20,14,510841
2025-12-21 03:40:43,bridge0,10,1204,82,1106,8,8,868894
2025-12-21 03:41:57,bridge0,10,1035,218,804,6,7,1031497
2025-12-21 03:43:10,bridge0,10,1589,113,1465,4,7,1129533
2025-12-21 03:44:22,bridge0,10,856,110,733,6,7,548758
2025-12-21 03:45:35,bridge0,10,878,78,785,9,6,602676
2025-12-21 03:46:49,bridge0,10,1164,246,898,9,11,1094433
2025-12-21 03:48:02,bridge0,10,799,79,704,7,9,539571
2025-12-21 03:49:15,bridge0,10,1533,78,1448,2,5,1134468
2025-12-21 03:50:28,bridge0,10,993,97,884,6,6,651023
2025-12-21 03:51:40,bridge0,10,944,84,847,8,5,646855
2025-12-21 03:52:55,bridge0,10,1793,185,1597,6,5,1696786
2025-12-21 03:54:08,bridge0,10,1436,78,1324,22,12,1030390
2025-12-21 03:55:22,bridge0,10,2021,76,1932,6,7,1481986
2025-12-21 03:56:34,bridge0,10,923,133,778,7,5,599080
2025-12-21 03:57:50,bridge0,10,1706,195,1497,6,8,1615091
2025-12-21 03:59:02,bridge0,10,879,83,785,6,5,605706
2025-12-21 04:00:15,bridge0,10,1129,78,1040,4,7,795718
2025-12-21 04:01:28,bridge0,10,1484,82,1380,11,11,1070640
2025-12-21 04:02:41,bridge0,10,1250,126,1116,2,6,895313
2025-12-21 04:03:56,bridge0,10,1992,244,1733,8,7,1804747
2025-12-21 04:05:09,bridge0,10,978,115,845,6,12,631345
2025-12-21 04:06:21,bridge0,10,752,80,667,0,5,497583
2025-12-21 04:07:34,bridge0,10,1590,78,1497,6,9,1165374
2025-12-21 04:08:49,bridge0,10,1060,220,804,22,14,1061284
2025-12-21 04:10:02,bridge0,10,1625,239,1375,4,7,1019388
2025-12-21 04:11:15,bridge0,10,742,86,643,6,7,485624
2025-12-21 04:12:27,bridge0,10,1007,208,789,4,6,669574
2025-12-21 04:13:40,bridge0,10,955,79,854,10,12,679002
2025-12-21 04:14:55,bridge0,10,1081,189,877,10,5,1100168
2025-12-21 04:16:08,bridge0,10,1610,74,1518,7,11,1193976
2025-12-21 04:17:20,bridge0,10,797,73,709,8,7,540034
2025-12-21 04:18:33,bridge0,10,833,80,727,16,10,551656
2025-12-21 04:19:45,bridge0,10,944,78,849,7,10,674032
2025-12-21 04:20:59,bridge0,10,1456,101,1342,6,7,1049219
2025-12-21 04:22:12,bridge0,10,1764,109,1646,0,9,1296176
2025-12-21 04:23:24,bridge0,10,768,81,654,21,12,503841
2025-12-21 04:24:37,bridge0,10,889,114,761,8,6,554104
2025-12-21 04:25:52,bridge0,10,1452,308,1129,8,7,1316004
2025-12-21 04:27:04,bridge0,10,788,69,703,6,10,536878
2025-12-21 04:28:17,bridge0,10,1213,82,1120,6,5,880989
2025-12-21 04:29:29,bridge0,10,1075,117,947,6,5,730968
2025-12-21 04:30:42,bridge0,10,865,85,763,11,6,579501
2025-12-21 04:31:57,bridge0,10,1054,195,844,6,9,1104047
2025-12-21 04:33:09,bridge0,10,1120,168,937,6,9,726177
2025-12-21 04:34:23,bridge0,10,1437,86,1334,10,7,1069245
2025-12-21 04:35:35,bridge0,10,1100,75,1010,9,6,784621
2025-12-21 04:36:50,bridge0,10,1155,186,958,6,5,1198233
2025-12-21 04:38:02,bridge0,10,916,76,808,18,14,607466
2025-12-21 04:39:15,bridge0,10,1079,103,961,8,7,727880
2025-12-21 04:40:28,bridge0,10,1458,83,1362,6,7,1059134
2025-12-21 04:41:41,bridge0,10,1076,81,980,6,9,748380
2025-12-21 04:42:58,bridge0,10,3660,188,3459,6,7,3187111
2025-12-21 04:44:11,bridge0,10,1079,88,972,11,8,739148
2025-12-21 04:45:23,bridge0,10,845,80,747,9,9,567600
2025-12-21 04:46:36,bridge0,10,832,80,736,8,8,552936
2025-12-21 04:47:50,bridge0,10,1090,223,854,6,7,1114163
2025-12-21 04:49:03,bridge0,10,1359,80,1261,7,11,974633
2025-12-21 04:50:16,bridge0,10,774,81,678,6,9,496393
2025-12-21 04:51:28,bridge0,10,959,83,864,4,8,673855
2025-12-21 04:52:41,bridge0,10,1237,141,1058,24,14,809737
2025-12-21 04:53:56,bridge0,10,899,190,698,6,5,987620
2025-12-21 04:55:09,bridge0,10,1664,81,1578,0,5,1239577
2025-12-21 04:56:22,bridge0,10,743,81,646,6,10,476607
2025-12-21 04:57:34,bridge0,10,1130,109,1010,6,5,767039
2025-12-21 04:58:49,bridge0,10,1076,199,866,6,5,1129504
2025-12-21 05:00:02,bridge0,10,786,84,684,9,9,534544
2025-12-21 05:01:14,bridge0,10,1201,78,1105,8,10,865739
2025-12-21 05:02:28,bridge0,10,1528,113,1400,8,7,1098483
2025-12-21 05:03:40,bridge0,10,1237,82,1140,10,5,861248
2025-12-21 05:04:55,bridge0,10,1071,188,874,2,7,1141412
2025-12-21 05:06:07,bridge0,10,619,76,526,9,8,403968
2025-12-21 05:07:21,bridge0,10,1689,79,1574,25,11,1244239
2025-12-21 05:08:33,bridge0,10,810,78,717,5,10,548150
2025-12-21 05:09:46,bridge0,10,1162,101,1047,7,7,800087
2025-12-21 05:10:58,bridge0,10,969,84,878,0,7,674761
2025-12-21 05:12:11,bridge0,10,963,81,867,6,9,660340
2025-12-21 05:13:23,bridge0,10,1226,80,1131,6,9,874918
2025-12-21 05:14:36,bridge0,10,777,80,677,13,7,523407
2025-12-21 05:15:50,bridge0,10,839,191,631,10,7,951228
2025-12-21 05:17:03,bridge0,10,1023,80,927,9,7,735522
2025-12-21 05:18:15,bridge0,10,782,78,691,6,7,525029
2025-12-21 05:19:28,bridge0,10,998,80,907,6,5,689511
2025-12-21 05:20:40,bridge0,10,1053,86,949,8,10,720187
2025-12-21 05:21:56,bridge0,10,1608,220,1365,16,7,1570751
2025-12-21 05:23:08,bridge0,10,931,103,816,5,7,625195
2025-12-21 05:24:22,bridge0,10,1367,75,1273,10,9,990233
2025-12-21 05:25:34,bridge0,10,1242,83,1146,8,5,881276
2025-12-21 05:26:49,bridge0,10,1159,285,865,0,9,1140561
2025-12-21 05:28:02,bridge0,10,1061,84,966,6,5,741634
2025-12-21 05:29:14,bridge0,10,897,88,794,9,6,614788
2025-12-21 05:30:27,bridge0,10,723,82,617,12,12,463007
2025-12-21 05:31:40,bridge0,10,1447,78,1351,8,10,1070091
2025-12-21 05:32:54,bridge0,10,910,178,722,4,6,1040586
2025-12-21 05:34:08,bridge0,10,2267,86,2169,7,5,1736432
2025-12-21 05:35:21,bridge0,10,1243,77,1153,6,7,864515
2025-12-21 05:36:34,bridge0,10,1085,81,976,16,12,755807
2025-12-21 05:37:48,bridge0,10,1295,169,1109,13,4,1102341
2025-12-21 05:39:00,bridge0,10,880,82,783,8,7,588536
2025-12-21 05:40:13,bridge0,10,1357,101,1245,4,7,935622
2025-12-21 05:41:25,bridge0,10,767,80,667,10,10,502875
2025-12-21 05:42:38,bridge0,10,924,84,830,4,6,649640
2025-12-21 05:43:54,bridge0,10,1628,201,1409,12,6,1596942
2025-12-21 05:45:06,bridge0,10,829,81,734,7,7,555834
2025-12-21 05:46:19,bridge0,10,1400,81,1310,4,5,1024916
2025-12-21 05:47:31,bridge0,10,844,80,747,10,7,570740
2025-12-21 05:48:44,bridge0,10,1036,108,907,12,9,709405
2025-12-21 05:49:57,bridge0,10,1336,82,1243,4,7,956441
2025-12-21 05:51:10,bridge0,10,969,75,872,14,8,673909
2025-12-21 05:52:22,bridge0,10,1015,109,898,1,7,671033
2025-12-21 05:53:34,bridge0,10,587,80,491,9,7,357902
2025-12-21 05:54:49,bridge0,10,966,187,768,4,7,1081026
2025-12-21 05:56:02,bridge0,10,919,84,821,6,8,615851
2025-12-21 05:57:14,bridge0,10,1159,71,1072,10,6,843386
2025-12-21 05:58:27,bridge0,10,846,96,737,5,8,571752
2025-12-21 05:59:39,bridge0,10,696,82,588,15,11,441645
2025-12-21 06:00:54,bridge0,10,1085,200,876,4,5,1183270
2025-12-21 06:02:07,bridge0,10,966,85,872,4,5,671530
2025-12-21 06:03:19,bridge0,10,1023,75,936,6,6,725499
2025-12-21 06:04:32,bridge0,10,972,80,881,2,9,674522
2025-12-21 06:05:44,bridge0,10,858,83,752,13,10,587871
2025-12-21 06:06:57,bridge0,10,939,109,815,9,6,622342
2025-12-21 06:08:09,bridge0,10,1176,112,1054,5,5,837390
2025-12-21 06:09:22,bridge0,10,696,81,602,8,5,451757
2025-12-21 06:10:35,bridge0,10,1715,79,1626,2,8,1271570
2025-12-21 06:11:50,bridge0,10,1259,196,1048,6,9,1334037
2025-12-21 06:13:03,bridge0,10,1016,82,923,6,5,694209
2025-12-21 06:14:16,bridge0,10,1009,86,898,13,12,680628
2025-12-21 06:15:28,bridge0,10,895,81,799,8,7,619339
2025-12-21 06:16:41,bridge0,10,1134,76,1046,6,6,825222
2025-12-21 06:17:56,bridge0,10,1194,189,990,6,9,1294504
2025-12-21 06:19:09,bridge0,10,1378,102,1262,6,8,979701
2025-12-21 06:20:21,bridge0,10,967,76,878,7,6,637398
2025-12-21 06:21:34,bridge0,10,1016,83,918,9,6,715413
2025-12-21 06:22:49,bridge0,10,1297,220,1060,12,5,1354019
2025-12-21 06:24:02,bridge0,10,1431,82,1340,0,9,1042663
2025-12-21 06:25:15,bridge0,10,1351,82,1256,8,5,969007
2025-12-21 06:26:28,bridge0,10,885,78,794,8,5,614896
2025-12-21 06:27:40,bridge0,10,741,92,635,9,5,484012
2025-12-21 06:28:56,bridge0,10,1711,192,1489,21,9,1700770
2025-12-21 06:30:09,bridge0,10,1219,78,1131,6,4,874418
2025-12-21 06:31:21,bridge0,10,1025,101,911,6,7,703734
2025-12-21 06:32:33,bridge0,10,752,71,670,6,5,507704
2025-12-21 06:33:47,bridge0,10,772,175,586,2,9,654395
2025-12-21 06:34:59,bridge0,10,1143,91,1033,9,10,828733
2025-12-21 06:36:12,bridge0,10,939,82,842,9,6,650749
2025-12-21 06:37:26,bridge0,10,2255,75,2169,6,5,1712526
2025-12-21 06:38:39,bridge0,10,1257,115,1116,17,9,855191
2025-12-21 06:39:54,bridge0,10,1011,200,804,0,7,1156831
2025-12-21 06:41:07,bridge0,10,1166,79,1073,8,6,826970
2025-12-21 06:42:20,bridge0,10,1908,78,1812,13,5,1430445
2025-12-21 06:43:34,bridge0,10,1922,81,1825,7,9,1430089
2025-12-21 06:44:48,bridge0,10,1091,190,881,11,9,1127075
2025-12-21 06:46:01,bridge0,10,919,80,822,10,7,627335
2025-12-21 06:47:14,bridge0,10,764,88,665,2,9,510740
2025-12-21 06:48:26,bridge0,10,767,111,641,8,7,472997
2025-12-21 06:49:39,bridge0,10,1131,80,1030,14,7,792296
2025-12-21 06:50:54,bridge0,10,892,199,674,11,8,1057682
2025-12-21 06:52:06,bridge0,10,774,80,681,8,5,527747
2025-12-21 06:53:19,bridge0,10,836,77,748,4,7,571601
2025-12-21 06:54:31,bridge0,10,650,77,562,6,5,424777
2025-12-21 06:55:44,bridge0,10,1198,148,1033,11,6,798218
2025-12-21 06:56:57,bridge0,10,890,123,752,6,9,768598
2025-12-21 06:58:09,bridge0,10,999,105,866,19,9,677506
2025-12-21 06:59:22,bridge0,10,936,78,852,0,6,646501
2025-12-21 07:00:34,bridge0,10,753,80,656,8,9,498341
2025-12-21 07:01:50,bridge0,10,1450,196,1241,6,7,1522746
2025-12-21 07:03:02,bridge0,10,836,112,717,2,5,545605
2025-12-21 07:04:15,bridge0,10,863,84,764,8,7,595603
2025-12-21 07:05:27,bridge0,10,1203,77,1111,5,10,868411
2025-12-21 07:06:40,bridge0,10,1007,81,907,10,9,678954
2025-12-21 07:07:56,bridge0,10,1590,195,1384,6,5,1636976
2025-12-21 07:09:09,bridge0,10,1121,80,1030,2,9,796427
2025-12-21 07:10:21,bridge0,10,1228,78,1128,8,14,879663
2025-12-21 07:11:34,bridge0,10,1393,108,1274,6,5,968991
2025-12-21 07:12:49,bridge0,10,854,198,626,19,11,1028267
2025-12-21 07:14:02,bridge0,10,1231,79,1134,10,8,872054
2025-12-21 07:15:15,bridge0,10,1010,82,917,6,5,706893
2025-12-21 07:16:28,bridge0,10,1296,79,1204,6,7,920518
2025-12-21 07:17:40,bridge0,10,752,69,669,8,6,499051
2025-12-21 07:18:55,bridge0,10,982,197,771,4,10,1146546
2025-12-21 07:20:08,bridge0,10,1086,117,950,9,10,720179
2025-12-21 07:21:20,bridge0,10,800,109,677,8,6,499608
2025-12-21 07:22:33,bridge0,10,1198,79,1108,2,9,852397
2025-12-21 07:23:46,bridge0,10,1306,126,1164,7,9,907185
2025-12-21 07:24:59,bridge0,10,728,76,640,6,6,479100
2025-12-21 07:26:12,bridge0,10,1466,103,1349,6,8,1077840
2025-12-21 07:27:24,bridge0,10,1088,77,979,20,12,739449
2025-12-21 07:28:37,bridge0,10,1269,82,1170,7,10,924475
2025-12-21 07:29:52,bridge0,10,1098,244,827,15,12,1214722
2025-12-21 07:31:05,bridge0,10,801,78,712,6,5,538186
2025-12-21 07:32:17,bridge0,10,893,82,799,6,6,599160
2025-12-21 07:33:30,bridge0,10,1129,82,1032,6,9,787909
2025-12-21 07:34:44,bridge0,10,1634,67,1552,7,8,1206276
2025-12-21 07:35:58,bridge0,10,827,147,664,8,8,828214
2025-12-21 07:37:11,bridge0,10,1794,80,1703,6,5,1352134
2025-12-21 07:38:23,bridge0,10,757,79,673,0,5,505862
2025-12-21 07:39:36,bridge0,10,945,81,843,10,11,646283
2025-12-21 07:40:52,bridge0,10,1404,197,1194,4,9,1476536
2025-12-21 07:42:04,bridge0,10,750,80,639,14,17,477525
2025-12-21 07:43:16,bridge0,10,675,83,574,6,12,444372
2025-12-21 07:44:29,bridge0,10,787,107,673,2,5,509268
2025-12-21 07:45:42,bridge0,10,1271,79,1173,11,8,885300
2025-12-21 07:46:57,bridge0,10,1460,233,1215,6,6,1519738
2025-12-21 07:48:10,bridge0,10,1207,138,1055,6,8,819759
2025-12-21 07:49:23,bridge0,10,1284,77,1178,17,12,917669
2025-12-21 07:50:35,bridge0,10,646,78,549,10,9,413875
2025-12-21 07:51:51,bridge0,10,1337,202,1122,4,9,1441270
2025-12-21 07:53:04,bridge0,10,1306,82,1209,6,9,910762
2025-12-21 07:54:17,bridge0,10,1717,79,1622,8,8,1265103
2025-12-21 07:55:30,bridge0,10,1389,77,1299,3,10,1008935
2025-12-21 07:56:43,bridge0,10,1349,86,1236,18,9,970300
2025-12-21 07:57:59,bridge0,10,1103,216,867,9,11,1257763
2025-12-21 07:59:11,bridge0,10,1249,114,1126,2,7,855935
2025-12-21 08:00:24,bridge0,10,792,77,698,8,9,502232
2025-12-21 08:01:37,bridge0,10,1066,74,979,5,8,733308
2025-12-21 08:02:52,bridge0,10,1019,240,761,11,7,1162591
2025-12-21 08:04:04,bridge0,10,766,107,641,12,6,475610
2025-12-21 08:05:17,bridge0,10,1188,83,1097,0,8,821822
2025-12-21 08:06:29,bridge0,10,776,75,684,6,11,521420
2025-12-21 08:07:43,bridge0,10,1848,81,1746,13,8,1376298
2025-12-21 08:08:58,bridge0,10,1155,220,923,4,8,1312554
2025-12-21 08:10:11,bridge0,10,1118,203,894,13,8,730694
2025-12-21 08:11:24,bridge0,10,1780,78,1684,12,6,1336556
2025-12-21 08:12:37,bridge0,10,808,82,702,5,19,537860
2025-12-21 08:13:52,bridge0,10,1191,203,971,6,11,1356169
2025-12-21 08:15:05,bridge0,10,878,76,782,6,14,609208
2025-12-21 08:16:17,bridge0,10,917,82,813,6,16,633001
2025-12-21 08:17:30,bridge0,10,1085,78,969,17,21,753436
2025-12-21 08:18:43,bridge0,10,995,112,851,12,20,645045
2025-12-21 08:19:58,bridge0,10,1556,201,1331,8,16,1630650
2025-12-21 08:21:11,bridge0,10,983,97,865,6,15,645978
2025-12-21 08:22:24,bridge0,10,1116,84,1018,0,14,780737
2025-12-21 08:23:36,bridge0,10,592,80,487,7,18,360970
2025-12-21 08:24:51,bridge0,10,1014,230,771,3,10,1189074
2025-12-21 08:26:05,bridge0,10,2343,78,2252,3,10,1761929
2025-12-21 08:27:17,bridge0,10,644,75,551,8,10,416414
2025-12-21 08:28:30,bridge0,10,1015,106,900,4,5,672781
2025-12-21 08:29:42,bridge0,10,625,80,520,14,11,407153
2025-12-21 08:30:57,bridge0,10,754,203,529,6,16,994453
2025-12-21 08:32:11,bridge0,10,1868,82,1765,9,12,1413045
2025-12-21 08:33:23,bridge0,10,656,79,565,7,5,426735
2025-12-21 08:34:36,bridge0,10,1295,76,1204,6,9,910958
2025-12-21 08:35:51,bridge0,10,876,222,643,4,7,1105738
2025-12-21 08:37:04,bridge0,10,930,80,835,8,7,638380
2025-12-21 08:38:17,bridge0,10,1412,77,1323,4,8,1015171
2025-12-21 08:39:29,bridge0,10,920,78,825,7,10,637278
2025-12-21 08:40:42,bridge0,10,993,80,894,13,6,678464
2025-12-21 08:41:57,bridge0,10,951,210,731,4,6,1194231
2025-12-21 08:43:09,bridge0,10,1099,104,982,8,5,765536
2025-12-21 08:44:23,bridge0,10,1501,83,1405,8,5,1093387
2025-12-21 08:45:35,bridge0,10,826,80,734,4,8,542816
2025-12-21 08:46:51,bridge0,10,1299,235,1036,18,10,1426177
2025-12-21 08:48:03,bridge0,10,818,130,673,8,7,503518
2025-12-21 08:49:16,bridge0,10,675,73,590,4,8,427907
2025-12-21 08:50:29,bridge0,10,1549,78,1456,8,7,1119946
2025-12-21 08:51:41,bridge0,10,933,82,838,5,8,620397
2025-12-21 08:52:57,bridge0,10,1598,211,1373,6,8,1696097
2025-12-21 08:54:09,bridge0,10,733,76,640,9,8,493865
2025-12-21 08:55:22,bridge0,10,829,237,580,3,9,429991
2025-12-21 08:56:34,bridge0,10,976,84,876,8,8,666739
2025-12-21 08:57:50,bridge0,10,890,236,643,4,7,1106056
2025-12-21 08:59:03,bridge0,10,1615,149,1461,0,5,1130425
2025-12-21 09:00:15,bridge0,10,731,78,637,8,8,480588
2025-12-21 09:01:28,bridge0,10,784,80,671,21,12,509641
2025-12-21 09:02:41,bridge0,10,1726,80,1628,10,8,1272973
2025-12-21 09:03:56,bridge0,10,831,207,612,6,6,1112097
2025-12-21 09:05:09,bridge0,10,1204,85,1104,6,9,864515
2025-12-21 09:06:22,bridge0,10,893,84,792,10,7,611050
2025-12-21 09:07:34,bridge0,10,934,78,842,8,6,643689
2025-12-21 09:08:49,bridge0,10,917,240,656,13,8,1142149
2025-12-21 09:10:02,bridge0,10,939,82,844,8,5,669372
2025-12-21 09:11:15,bridge0,10,1189,142,1033,6,8,826170
2025-12-21 09:12:28,bridge0,10,1295,82,1200,4,9,927789
2025-12-21 09:13:41,bridge0,10,1289,108,1162,9,10,889753
2025-12-21 09:14:57,bridge0,10,1785,205,1571,2,7,1851718
2025-12-21 09:16:09,bridge0,10,844,81,736,20,7,543900
2025-12-21 09:17:23,bridge0,10,1644,82,1549,6,7,1189082
2025-12-21 09:18:35,bridge0,10,1001,76,905,8,12,691477
2025-12-21 09:19:51,bridge0,10,1364,209,1142,8,5,1516182
2025-12-21 09:21:04,bridge0,10,1643,84,1546,6,7,1194288
2025-12-21 09:22:16,bridge0,10,758,77,661,9,11,499226
2025-12-21 09:23:29,bridge0,10,1271,109,1143,11,8,886339
2025-12-21 09:24:42,bridge0,10,781,86,678,11,6,534971
2025-12-21 09:25:58,bridge0,10,1714,245,1459,2,8,1706412
2025-12-21 09:27:11,bridge0,10,963,82,868,6,7,633397
2025-12-21 09:28:23,bridge0,10,879,77,791,6,5,591994
2025-12-21 09:29:36,bridge0,10,1078,80,984,8,6,745897
2025-12-21 09:30:51,bridge0,10,848,214,608,16,10,1112073
2025-12-21 09:32:05,bridge0,10,2259,82,2164,8,5,1659639
2025-12-21 09:33:17,bridge0,10,682,71,599,0,12,449079
2025-12-21 09:34:30,bridge0,10,778,82,681,6,9,507551
2025-12-21 09:35:42,bridge0,10,689,80,600,3,6,437210
2025-12-21 09:36:58,bridge0,10,1042,219,800,16,7,1250823
2025-12-21 09:38:10,bridge0,10,1275,109,1154,7,5,891005
2025-12-21 09:39:23,bridge0,10,793,77,707,4,5,503416
2025-12-21 09:40:35,bridge0,10,740,91,634,8,7,469683
2025-12-21 09:41:51,bridge0,10,1042,204,823,6,9,1269614
2025-12-21 09:43:04,bridge0,10,1296,115,1174,2,5,893323
2025-12-21 09:44:17,bridge0,10,1391,113,1259,7,12,950750
2025-12-21 09:45:30,bridge0,10,1233,466,750,11,6,787547
2025-12-21 09:46:42,bridge0,10,1004,85,904,9,6,700114
2025-12-21 09:47:58,bridge0,10,901,246,641,8,6,1137228
2025-12-21 09:49:10,bridge0,10,660,78,571,6,5,438897
2025-12-21 09:50:23,bridge0,10,1275,81,1179,6,9,928687
2025-12-21 09:51:35,bridge0,10,821,82,713,17,9,512286
2025-12-21 09:52:51,bridge0,10,1210,208,989,8,5,1428355
2025-12-21 09:54:03,bridge0,10,1034,82,937,8,7,654341
2025-12-21 09:55:16,bridge0,10,1043,80,949,8,6,716823
2025-12-21 09:56:30,bridge0,10,1859,116,1732,4,7,1340692
2025-12-21 09:57:42,bridge0,10,1010,106,887,9,8,678022
2025-12-21 09:58:59,bridge0,10,1728,203,1512,6,7,1846012
2025-12-21 10:00:12,bridge0,10,1917,82,1824,4,7,1386805
2025-12-21 10:01:26,bridge0,10,1892,80,1792,12,8,1393267
2025-12-21 10:02:41,bridge0,10,3703,87,3598,8,10,2780699
2025-12-21 10:03:59,bridge0,10,2817,236,2572,4,5,2691668
2025-12-21 10:05:12,bridge0,10,1941,111,1816,4,10,1389808
2025-12-21 10:06:30,bridge0,10,1571,277,1273,12,9,1896376
2025-12-21 10:07:43,bridge0,10,1721,82,1623,10,6,1234853
2025-12-21 10:08:59,bridge0,10,1033,216,806,6,5,1268018
2025-12-21 10:10:12,bridge0,10,1179,241,929,4,5,756149
2025-12-21 10:11:26,bridge0,10,2772,77,2679,10,6,2082218
2025-12-21 10:12:39,bridge0,10,1093,80,983,19,11,734937
2025-12-21 10:13:55,bridge0,10,1313,209,1095,2,7,1467968
2025-12-21 10:15:07,bridge0,10,989,80,896,6,7,693163
2025-12-21 10:16:20,bridge0,10,1126,75,1037,6,8,794387
2025-12-21 10:17:33,bridge0,10,1455,80,1366,2,7,1054407
2025-12-21 10:18:47,bridge0,10,1810,110,1663,25,12,1254369
2025-12-21 10:20:00,bridge0,10,2062,82,1966,9,5,1534101
2025-12-21 10:21:13,bridge0,10,764,79,680,0,5,491085
2025-12-21 10:22:26,bridge0,10,1162,82,1067,6,7,828905
2025-12-21 10:23:39,bridge0,10,1925,78,1831,8,8,1425615
2025-12-21 10:24:55,bridge0,10,1528,218,1299,6,5,1679156
2025-12-21 10:26:08,bridge0,10,1509,170,1323,8,8,1009777
2025-12-21 10:27:21,bridge0,10,958,101,843,6,8,629548
2025-12-21 10:28:34,bridge0,10,1105,79,1011,5,10,765910
2025-12-21 10:29:48,bridge0,10,1612,227,1360,11,14,1556724
2025-12-21 10:31:01,bridge0,10,889,84,791,8,6,582804
2025-12-21 10:32:14,bridge0,10,1321,83,1223,8,7,931660
2025-12-21 10:33:26,bridge0,10,826,77,714,22,13,547513
2025-12-21 10:34:38,bridge0,10,781,78,694,3,6,530541
2025-12-21 10:35:54,bridge0,10,1190,219,958,6,7,1419198
2025-12-21 10:37:07,bridge0,10,921,81,825,10,5,642931
2025-12-21 10:38:20,bridge0,10,1637,109,1517,2,9,1177626
2025-12-21 10:39:32,bridge0,10,717,81,619,10,7,484822
2025-12-21 10:40:45,bridge0,10,795,78,701,10,6,523524
2025-12-21 10:41:58,bridge0,10,1783,131,1630,12,10,1280239
2025-12-21 10:43:11,bridge0,10,801,156,632,6,7,472956
2025-12-21 10:44:24,bridge0,10,2040,75,1956,2,7,1475125
2025-12-21 10:45:38,bridge0,10,1902,81,1805,8,8,1455691
2025-12-21 10:46:54,bridge0,10,1220,235,974,6,5,1447080
2025-12-21 10:48:06,bridge0,10,695,105,560,16,14,421389
2025-12-21 10:49:19,bridge0,10,787,79,693,6,9,529173
2025-12-21 10:50:31,bridge0,10,1271,78,1184,4,5,890943
2025-12-21 10:51:44,bridge0,10,942,84,842,8,8,656369
2025-12-21 10:52:57,bridge0,10,1264,108,1141,10,5,862883
2025-12-21 10:54:09,bridge0,10,758,80,671,0,7,488040
2025-12-21 10:55:22,bridge0,10,922,102,803,8,9,623467
2025-12-21 10:56:35,bridge0,10,1665,78,1570,9,8,1222331
2025-12-21 10:57:51,bridge0,10,1110,284,809,6,11,1327161
2025-12-21 10:59:04,bridge0,10,1160,80,1062,6,12,816774
2025-12-21 11:00:37,bridge0,10,20124,231,19880,4,9,16056099
2025-12-21 11:02:08,bridge0,10,13048,379,12658,6,5,11530415
2025-12-21 11:03:30,bridge0,10,7303,373,6919,6,5,6241975
2025-12-21 11:05:12,bridge0,10,15031,13679,1324,16,12,19337931
2025-12-21 11:06:24,bridge0,10,822,93,716,8,5,539771
2025-12-21 11:07:37,bridge0,10,1087,99,978,2,8,754955
2025-12-21 11:08:56,bridge0,10,3515,270,3228,10,7,3236848
2025-12-21 11:10:09,bridge0,10,1420,201,1205,9,5,976801
2025-12-21 11:11:22,bridge0,10,1456,229,1213,6,8,918479
2025-12-21 11:12:35,bridge0,10,1595,241,1340,2,12,863056
2025-12-21 11:13:55,bridge0,10,4963,518,4432,8,5,3967223
2025-12-21 11:15:07,bridge0,10,431,261,154,7,9,254792
2025-12-21 11:16:19,bridge0,10,329,154,158,11,6,124848
2025-12-21 11:17:31,bridge0,10,433,121,298,6,8,44633
2025-12-21 11:18:43,bridge0,10,206,127,55,17,7,28978
2025-12-21 11:19:58,bridge0,10,344,290,41,6,7,787459
2025-12-21 11:21:11,bridge0,10,1607,152,1443,8,4,1156121
2025-12-21 11:22:23,bridge0,10,167,123,32,6,6,55232
2025-12-21 11:23:36,bridge0,10,1452,119,1306,16,11,1032110
2025-12-21 11:24:53,bridge0,10,1960,330,1616,7,7,2055302
2025-12-21 11:26:07,bridge0,10,1686,126,1546,6,8,1242976
2025-12-21 11:27:19,bridge0,10,982,170,801,2,9,482670
2025-12-21 11:28:32,bridge0,10,1448,84,1349,8,7,870816
2025-12-21 11:29:46,bridge0,10,1877,130,1719,12,16,1373112
2025-12-21 11:30:59,bridge0,10,1657,120,1516,13,8,1197585
2025-12-21 11:32:12,bridge0,10,1544,149,1382,6,7,1101311
2025-12-21 11:33:25,bridge0,10,1407,103,1293,4,7,1005988
2025-12-21 11:34:38,bridge0,10,1365,77,1273,9,6,1003560
2025-12-21 11:35:55,bridge0,10,2018,274,1731,6,7,2128946
2025-12-21 11:37:09,bridge0,10,1491,134,1345,6,6,868741
2025-12-21 11:38:22,bridge0,10,2020,111,1887,11,11,1489231
2025-12-21 11:39:35,bridge0,10,1192,91,1089,8,4,839982
2025-12-21 11:40:51,bridge0,10,1507,239,1258,2,8,1701497
2025-12-21 11:42:04,bridge0,10,1414,93,1310,2,9,1029330
2025-12-21 11:43:17,bridge0,10,1215,119,1081,6,9,831293
2025-12-21 11:44:30,bridge0,10,828,278,522,14,14,544624
2025-12-21 11:45:41,bridge0,10,181,124,36,13,8,36675
2025-12-21 11:46:59,bridge0,10,2938,285,2640,6,7,2799007
2025-12-21 11:48:12,bridge0,10,754,154,589,6,5,433694
2025-12-21 11:49:24,bridge0,10,772,112,649,6,5,468210
2025-12-21 11:50:37,bridge0,10,1827,83,1727,11,6,1290411
2025-12-21 11:51:53,bridge0,10,910,239,661,3,7,1222351
2025-12-21 11:53:07,bridge0,10,1594,212,1369,4,9,1042168
2025-12-21 11:54:19,bridge0,10,667,92,564,6,5,414602
2025-12-21 11:55:32,bridge0,10,1275,96,1172,0,7,862065
2025-12-21 11:56:45,bridge0,10,1158,145,996,9,8,777113
2025-12-21 11:57:57,bridge0,10,1111,233,855,10,13,685001
2025-12-21 11:59:10,bridge0,10,1306,90,1183,23,10,905593
2025-12-21 12:00:23,bridge0,10,762,115,629,13,5,467095
2025-12-21 12:01:35,bridge0,10,779,85,680,2,12,513299
2025-12-21 12:02:51,bridge0,10,1513,257,1240,6,10,1714058
2025-12-21 12:04:04,bridge0,10,904,140,748,6,10,549933
2025-12-21 12:05:17,bridge0,10,1263,95,1146,5,17,860799
2025-12-21 12:06:29,bridge0,10,1125,204,899,11,11,715528
2025-12-21 12:07:42,bridge0,10,1059,89,952,7,11,730277
2025-12-21 12:08:58,bridge0,10,1459,273,1169,10,7,1644312
2025-12-21 12:10:12,bridge0,10,1723,217,1491,8,7,1181051
2025-12-21 12:11:25,bridge0,10,1328,95,1220,6,7,946729
2025-12-21 12:12:39,bridge0,10,2296,87,2195,7,7,1703475
2025-12-21 12:13:56,bridge0,10,2407,271,2103,20,13,2367406
2025-12-21 12:15:09,bridge0,10,1069,89,959,6,15,708967
2025-12-21 12:16:22,bridge0,10,1354,89,1258,2,5,972304
2025-12-21 12:17:36,bridge0,10,2487,113,2359,6,9,1822416
2025-12-21 12:18:52,bridge0,10,1259,355,887,12,5,1434312
2025-12-21 12:20:05,bridge0,10,975,83,858,23,11,656163
2025-12-21 12:21:17,bridge0,10,877,88,780,4,5,580135
2025-12-21 12:22:30,bridge0,10,1480,86,1372,6,16,1066815
2025-12-21 12:23:44,bridge0,10,2064,91,1960,5,8,1533716
2025-12-21 12:25:00,bridge0,10,2286,225,2050,6,5,2085475
2025-12-21 12:26:13,bridge0,10,1700,102,1583,8,7,1194798
2025-12-21 12:27:27,bridge0,10,1819,172,1632,7,8,1315854
2025-12-21 12:28:40,bridge0,10,1992,117,1852,14,9,1422849
2025-12-21 12:29:58,bridge0,10,2830,382,2433,11,4,2742376
2025-12-21 12:31:11,bridge0,10,1228,86,1130,6,6,843554
2025-12-21 12:32:24,bridge0,10,1655,146,1500,2,7,1198542
2025-12-21 12:33:37,bridge0,10,1076,87,970,11,8,757104
2025-12-21 12:34:53,bridge0,10,1304,281,1002,11,10,1584034
2025-12-21 12:36:07,bridge0,10,1455,110,1336,4,5,1057803
2025-12-21 12:37:19,bridge0,10,1103,118,972,8,5,787356
2025-12-21 12:38:33,bridge0,10,2096,93,1991,6,6,1531906
2025-12-21 12:39:46,bridge0,10,1167,189,967,1,10,762558
2025-12-21 12:41:07,bridge0,10,9509,111,9362,22,14,7413569
2025-12-21 12:42:34,bridge0,10,14235,162,14064,2,7,10939592
2025-12-21 12:44:02,bridge0,10,12652,262,12372,13,5,10334587
2025-12-21 12:45:26,bridge0,10,10989,101,10861,16,11,8481808
2025-12-21 12:46:37,bridge0,10,115,95,0,12,8,9325
2025-12-21 12:47:53,bridge0,10,468,278,177,6,7,920979
2025-12-21 12:49:09,bridge0,10,1165,222,934,4,5,1342000
2025-12-21 12:50:22,bridge0,10,1734,145,1572,9,8,1211599
2025-12-21 12:51:34,bridge0,10,592,90,483,12,7,352046
2025-12-21 12:52:51,bridge0,10,2170,229,1932,2,7,2254493
2025-12-21 12:54:04,bridge0,10,1362,113,1237,2,10,925550
2025-12-21 12:55:16,bridge0,10,790,100,675,6,9,511769
2025-12-21 12:56:29,bridge0,10,1794,172,1611,4,7,1227130
2025-12-21 12:57:42,bridge0,10,955,113,805,22,15,610172
2025-12-21 12:59:00,bridge0,10,2910,275,2614,12,9,2780250
2025-12-21 13:00:14,bridge0,10,2047,152,1884,6,5,1429221
2025-12-21 13:01:27,bridge0,10,1806,84,1712,2,8,1313269
2025-12-21 13:02:40,bridge0,10,1095,101,980,8,6,732275
2025-12-21 13:03:57,bridge0,10,1593,255,1320,9,9,1781323
2025-12-21 13:05:09,bridge0,10,899,90,794,7,8,609678
2025-12-21 13:06:22,bridge0,10,983,85,887,6,5,654912
2025-12-21 13:07:35,bridge0,10,1457,84,1360,6,7,1057687
2025-12-21 13:08:52,bridge0,10,1735,286,1435,8,6,1873393
2025-12-21 13:10:05,bridge0,10,1847,101,1737,4,5,1318896
2025-12-21 13:11:19,bridge0,10,1975,79,1877,11,8,1437382
2025-12-21 13:12:33,bridge0,10,2347,80,2254,4,9,1717468
2025-12-21 13:13:45,bridge0,10,1139,88,1035,8,8,774809
2025-12-21 13:14:59,bridge0,10,2316,191,2114,6,5,1641676
2025-12-21 13:16:12,bridge0,10,1009,90,904,6,9,664834
2025-12-21 13:17:25,bridge0,10,1547,170,1364,6,7,1072355
2025-12-21 13:18:38,bridge0,10,1004,98,866,26,14,658493
2025-12-21 13:19:54,bridge0,10,1028,298,722,2,6,1395639
2025-12-21 13:21:07,bridge0,10,1518,130,1373,6,9,1045619
2025-12-21 13:22:20,bridge0,10,1172,170,991,6,5,807347
2025-12-21 13:23:33,bridge0,10,1608,115,1484,2,7,1135238
2025-12-21 13:24:45,bridge0,10,836,98,717,12,9,526982
2025-12-21 13:25:58,bridge0,10,930,129,787,8,6,576890
2025-12-21 13:27:12,bridge0,10,1870,128,1724,6,12,1303278
2025-12-21 13:28:24,bridge0,10,862,108,743,6,5,553730
2025-12-21 13:29:37,bridge0,10,1822,215,1600,1,6,1155547
2025-12-21 13:30:54,bridge0,10,1588,295,1279,6,8,1806071
2025-12-21 13:32:07,bridge0,10,1081,195,875,6,5,652615
2025-12-21 13:33:20,bridge0,10,1438,87,1325,15,11,1017134
2025-12-21 13:34:33,bridge0,10,1038,90,933,8,7,711107
2025-12-21 13:35:45,bridge0,10,1126,88,1020,10,8,778166
2025-12-21 13:36:58,bridge0,10,903,86,808,2,7,610016
2025-12-21 13:38:11,bridge0,10,1228,166,1046,6,10,802288
2025-12-21 13:39:23,bridge0,10,703,87,603,6,7,440804
2025-12-21 13:40:36,bridge0,10,934,131,782,12,9,574996
2025-12-21 13:41:53,bridge0,10,1537,323,1200,6,8,1735358
2025-12-21 13:43:05,bridge0,10,829,135,683,4,7,522457
2025-12-21 13:44:18,bridge0,10,1815,88,1712,8,7,1355253
2025-12-21 13:45:32,bridge0,10,1921,411,1496,6,8,1324047
2025-12-21 13:46:44,bridge0,10,671,83,577,2,9,415255
2025-12-21 13:47:59,bridge0,10,3268,122,3117,17,12,2366491
2025-12-21 13:49:13,bridge0,10,1539,100,1425,6,8,1090676
2025-12-21 13:50:26,bridge0,10,1540,85,1446,2,7,1091618
2025-12-21 13:51:38,bridge0,10,958,151,788,8,11,611297
2025-12-21 13:52:55,bridge0,10,1148,236,897,4,11,1492739
2025-12-21 13:54:08,bridge0,10,1680,305,1352,11,12,1074460
2025-12-21 13:55:21,bridge0,10,1085,109,960,7,9,731377
2025-12-21 13:56:35,bridge0,10,2205,107,2087,6,5,1612111
2025-12-21 13:57:51,bridge0,10,1300,246,1043,2,9,1619728
2025-12-21 13:59:05,bridge0,10,2348,95,2238,6,9,1721305
2025-12-21 14:00:18,bridge0,10,1065,102,947,7,9,725472
2025-12-21 14:01:30,bridge0,10,1096,89,995,4,8,745276
2025-12-21 14:02:43,bridge0,10,1401,108,1275,10,8,979839
2025-12-21 14:04:00,bridge0,10,1021,256,744,10,11,1380801
2025-12-21 14:05:12,bridge0,10,783,91,677,6,9,512390
2025-12-21 14:06:25,bridge0,10,1143,104,1022,8,9,770367
2025-12-21 14:07:37,bridge0,10,697,90,589,12,6,451574
2025-12-21 14:08:54,bridge0,10,1484,307,1146,22,9,1692662
2025-12-21 14:10:07,bridge0,10,1177,233,929,8,7,759561
2025-12-21 14:11:19,bridge0,10,897,201,683,6,7,522076
2025-12-21 14:12:32,bridge0,10,1082,207,866,2,7,677065
2025-12-21 14:13:50,bridge0,10,1110,306,789,7,8,1753217
2025-12-21 14:15:08,bridge0,10,1603,291,1285,15,12,2167571
2025-12-21 14:16:25,bridge0,10,2051,499,1535,8,9,1841759
2025-12-21 14:17:38,bridge0,10,2035,92,1928,7,8,1515452
2025-12-21 14:18:56,bridge0,10,728,565,138,8,17,1332480
2025-12-21 14:20:09,bridge0,10,404,395,0,4,5,699015
2025-12-21 14:21:23,bridge0,10,2376,215,2130,22,9,1716606
2025-12-21 14:22:37,bridge0,10,2017,112,1886,8,11,1467145
2025-12-21 14:23:55,bridge0,10,2175,401,1765,4,5,2251380
2025-12-21 14:25:07,bridge0,10,158,108,41,2,7,28137
2025-12-21 14:26:19,bridge0,10,298,207,80,6,5,160310
2025-12-21 14:27:33,bridge0,10,3060,230,2814,8,8,2200836
2025-12-21 14:28:48,bridge0,10,2815,644,2157,7,7,2052340
2025-12-21 14:30:01,bridge0,10,1248,102,1135,6,5,874897
2025-12-21 14:31:13,bridge0,10,1030,262,754,4,10,595624
2025-12-21 14:32:25,bridge0,10,220,162,35,6,17,56545
2025-12-21 14:33:37,bridge0,10,355,307,28,13,7,36016
2025-12-21 14:34:56,bridge0,10,2895,280,2597,13,5,2937812
2025-12-21 14:36:10,bridge0,10,3174,251,2911,7,5,2141366
2025-12-21 14:37:23,bridge0,10,1214,125,1070,10,9,816396
2025-12-21 14:38:37,bridge0,10,2094,91,1982,10,11,1553360
2025-12-21 14:39:54,bridge0,10,1577,549,1015,4,9,1754113
2025-12-21 14:41:07,bridge0,10,1166,88,1053,13,12,798422
2025-12-21 14:42:20,bridge0,10,1971,301,1633,22,15,1302083
2025-12-21 14:43:33,bridge0,10,1282,143,1130,2,7,829471
2025-12-21 14:44:47,bridge0,10,1868,88,1742,21,17,1354865
2025-12-21 14:46:00,bridge0,10,1120,124,978,10,8,717917
2025-12-21 14:47:12,bridge0,10,807,96,698,4,9,529260
2025-12-21 14:48:25,bridge0,10,1757,89,1648,10,10,1192881
2025-12-21 14:49:39,bridge0,10,1996,744,1221,19,12,958779
2025-12-21 14:51:00,bridge0,10,5969,3964,1991,6,8,2814438
2025-12-21 14:52:12,bridge0,10,844,87,750,0,7,561171
2025-12-21 14:53:25,bridge0,10,1033,86,934,6,7,682372
2025-12-21 14:54:39,bridge0,10,2447,94,2329,13,11,1749319
2025-12-21 14:55:56,bridge0,10,1715,394,1297,12,12,1850577
2025-12-21 14:57:11,bridge0,10,2751,87,2651,8,5,2001203
2025-12-21 14:58:24,bridge0,10,2285,88,2173,13,11,1662028
2025-12-21 14:59:39,bridge0,10,3183,237,2926,13,7,2220832
2025-12-21 15:00:57,bridge0,10,2058,253,1796,2,7,2224616
2025-12-21 15:02:10,bridge0,10,926,75,832,9,10,612347
2025-12-21 15:03:23,bridge0,10,1319,97,1208,6,8,915522
2025-12-21 15:04:35,bridge0,10,972,90,868,4,10,649613
2025-12-21 15:05:53,bridge0,10,2128,408,1705,6,9,2361650
2025-12-21 15:07:06,bridge0,10,1162,142,999,7,14,777396
2025-12-21 15:08:19,bridge0,10,1026,252,751,12,11,592017
2025-12-21 15:09:32,bridge0,10,1337,250,1067,13,7,814528
2025-12-21 15:10:44,bridge0,10,1203,475,701,15,12,567297
2025-12-21 15:11:58,bridge0,10,1823,91,1725,0,7,1322850
2025-12-21 15:13:11,bridge0,10,996,117,862,6,11,648327
2025-12-21 15:14:23,bridge0,10,817,86,719,6,6,513234
2025-12-21 15:15:36,bridge0,10,1887,101,1758,13,15,1316076
2025-12-21 15:16:54,bridge0,10,1506,347,1146,6,7,1757291
2025-12-21 15:18:06,bridge0,10,1468,104,1352,6,6,1019633
2025-12-21 15:19:19,bridge0,10,1270,87,1174,0,9,870929
2025-12-21 15:20:33,bridge0,10,2344,104,2225,6,9,1674913
2025-12-21 15:21:46,bridge0,10,561,91,448,13,9,330317
2025-12-21 15:22:58,bridge0,10,921,133,776,6,6,585354
2025-12-21 15:24:11,bridge0,10,1575,96,1455,18,6,1115791
2025-12-21 15:25:25,bridge0,10,1708,86,1606,4,12,1216205
2025-12-21 15:26:40,bridge0,10,946,309,615,14,8,1165437
2025-12-21 15:27:57,bridge0,10,2000,1017,968,6,9,1488252
2025-12-21 15:29:14,bridge0,10,1744,690,1043,6,5,1517491
2025-12-21 15:30:33,bridge0,10,2169,288,1857,14,10,2516185
2025-12-21 15:31:50,bridge0,10,343,317,2,13,11,1249071
2025-12-21 15:33:08,bridge0,10,322,309,2,6,5,1249401
2025-12-21 15:34:23,bridge0,10,261,246,2,6,7,891175
2025-12-21 15:35:41,bridge0,10,342,320,2,12,8,1253005
2025-12-21 15:36:56,bridge0,10,245,236,0,4,5,732887
2025-12-21 15:38:11,bridge0,10,261,246,6,4,5,734782
2025-12-21 15:39:26,bridge0,10,227,214,2,6,5,726498
2025-12-22 20:27:30,bridge0,10,111,0,110,0,1,85314
2025-12-22 20:28:42,bridge0,10,802,59,719,14,10,552658
2025-12-22 20:29:55,bridge0,10,782,121,626,14,21,478517
                                                           2025-12-22 21:48:41,bridge0,10,172,15,135,6,16,95611
2025-12-22 21:49:53,bridge0,10,32,13,5,6,8,3907
2025-12-22 21:51:05,bridge0,10,217,142,61,8,6,121496
2025-12-22 21:52:18,bridge0,10,1801,20,1768,8,5,1359043
2025-12-22 21:53:32,bridge0,10,2279,638,1619,8,14,1296281
